zipcode,State,CITY,CountyName,SizeRank,eom_date,month,year,avghomeprice_month,price_drop
08901,NJ,New Brunswick,Middlesex County,2082,2000-01-31,1,2000,128969, 
08807,NJ,Bridgewater Township,Somerset County,2481,2000-01-31,1,2000,268975, 
07920,NJ,Bridgewater Township,Somerset County,4533,2000-01-31,1,2000,362307, 
08836,NJ,Bridgewater Township,Somerset County,15436,2000-01-31,1,2000,378086, 
08901,NJ,New Brunswick,Middlesex County,2082,2000-02-29,2,2000,129223, 
08807,NJ,Bridgewater Township,Somerset County,2481,2000-02-29,2,2000,270339, 
07920,NJ,Bridgewater Township,Somerset County,4533,2000-02-29,2,2000,364350, 
08836,NJ,Bridgewater Township,Somerset County,15436,2000-02-29,2,2000,380104, 
08901,NJ,New Brunswick,Middlesex County,2082,2000-03-31,3,2000,129831, 
08807,NJ,Bridgewater Township,Somerset County,2481,2000-03-31,3,2000,271753, 
07920,NJ,Bridgewater Township,Somerset County,4533,2000-03-31,3,2000,366436, 
08836,NJ,Bridgewater Township,Somerset County,15436,2000-03-31,3,2000,382968, 
08901,NJ,New Brunswick,Middlesex County,2082,2000-04-30,4,2000,130929, 
08807,NJ,Bridgewater Township,Somerset County,2481,2000-04-30,4,2000,274505, 
07920,NJ,Bridgewater Township,Somerset County,4533,2000-04-30,4,2000,370595, 
08836,NJ,Bridgewater Township,Somerset County,15436,2000-04-30,4,2000,387524, 
08901,NJ,New Brunswick,Middlesex County,2082,2000-05-31,5,2000,132601, 
08807,NJ,Bridgewater Township,Somerset County,2481,2000-05-31,5,2000,276744, 
07920,NJ,Bridgewater Township,Somerset County,4533,2000-05-31,5,2000,374203, 
08836,NJ,Bridgewater Township,Somerset County,15436,2000-05-31,5,2000,391834, 
08901,NJ,New Brunswick,Middlesex County,2082,2000-06-30,6,2000,134175, 
08807,NJ,Bridgewater Township,Somerset County,2481,2000-06-30,6,2000,279173, 
07920,NJ,Bridgewater Township,Somerset County,4533,2000-06-30,6,2000,377893, 
08836,NJ,Bridgewater Township,Somerset County,15436,2000-06-30,6,2000,395531, 
08901,NJ,New Brunswick,Middlesex County,2082,2000-07-31,7,2000,136076, 
08807,NJ,Bridgewater Township,Somerset County,2481,2000-07-31,7,2000,281656, 
07920,NJ,Bridgewater Township,Somerset County,4533,2000-07-31,7,2000,382111, 
08836,NJ,Bridgewater Township,Somerset County,15436,2000-07-31,7,2000,398590, 
08901,NJ,New Brunswick,Middlesex County,2082,2000-08-31,8,2000,137331, 
08807,NJ,Bridgewater Township,Somerset County,2481,2000-08-31,8,2000,284859, 
07920,NJ,Bridgewater Township,Somerset County,4533,2000-08-31,8,2000,387050, 
08836,NJ,Bridgewater Township,Somerset County,15436,2000-08-31,8,2000,402405, 
08901,NJ,New Brunswick,Middlesex County,2082,2000-09-30,9,2000,139082, 
08807,NJ,Bridgewater Township,Somerset County,2481,2000-09-30,9,2000,288275, 
07920,NJ,Bridgewater Township,Somerset County,4533,2000-09-30,9,2000,391811, 
08836,NJ,Bridgewater Township,Somerset County,15436,2000-09-30,9,2000,406201, 
08901,NJ,New Brunswick,Middlesex County,2082,2000-10-31,10,2000,140150, 
08807,NJ,Bridgewater Township,Somerset County,2481,2000-10-31,10,2000,291530, 
07920,NJ,Bridgewater Township,Somerset County,4533,2000-10-31,10,2000,396055, 
08836,NJ,Bridgewater Township,Somerset County,15436,2000-10-31,10,2000,410406, 
08901,NJ,New Brunswick,Middlesex County,2082,2000-11-30,11,2000,141233, 
08807,NJ,Bridgewater Township,Somerset County,2481,2000-11-30,11,2000,295031, 
07920,NJ,Bridgewater Township,Somerset County,4533,2000-11-30,11,2000,400421, 
08836,NJ,Bridgewater Township,Somerset County,15436,2000-11-30,11,2000,414012, 
08901,NJ,New Brunswick,Middlesex County,2082,2000-12-31,12,2000,141644, 
08807,NJ,Bridgewater Township,Somerset County,2481,2000-12-31,12,2000,298276, 
07920,NJ,Bridgewater Township,Somerset County,4533,2000-12-31,12,2000,405107, 
08836,NJ,Bridgewater Township,Somerset County,15436,2000-12-31,12,2000,416304, 
08901,NJ,New Brunswick,Middlesex County,2082,2001-01-31,1,2001,142503, 
08807,NJ,Bridgewater Township,Somerset County,2481,2001-01-31,1,2001,300963, 
07920,NJ,Bridgewater Township,Somerset County,4533,2001-01-31,1,2001,408747, 
08836,NJ,Bridgewater Township,Somerset County,15436,2001-01-31,1,2001,418517, 
08901,NJ,New Brunswick,Middlesex County,2082,2001-02-28,2,2001,143297, 
08807,NJ,Bridgewater Township,Somerset County,2481,2001-02-28,2,2001,303485, 
07920,NJ,Bridgewater Township,Somerset County,4533,2001-02-28,2,2001,412122, 
08836,NJ,Bridgewater Township,Somerset County,15436,2001-02-28,2,2001,420255, 
08901,NJ,New Brunswick,Middlesex County,2082,2001-03-31,3,2001,144418, 
08807,NJ,Bridgewater Township,Somerset County,2481,2001-03-31,3,2001,305750, 
07920,NJ,Bridgewater Township,Somerset County,4533,2001-03-31,3,2001,414834, 
08836,NJ,Bridgewater Township,Somerset County,15436,2001-03-31,3,2001,422460, 
08901,NJ,New Brunswick,Middlesex County,2082,2001-04-30,4,2001,145657, 
08807,NJ,Bridgewater Township,Somerset County,2481,2001-04-30,4,2001,309184, 
07920,NJ,Bridgewater Township,Somerset County,4533,2001-04-30,4,2001,418879, 
08836,NJ,Bridgewater Township,Somerset County,15436,2001-04-30,4,2001,425344, 
08901,NJ,New Brunswick,Middlesex County,2082,2001-05-31,5,2001,146815, 
08807,NJ,Bridgewater Township,Somerset County,2481,2001-05-31,5,2001,312433, 
07920,NJ,Bridgewater Township,Somerset County,4533,2001-05-31,5,2001,422691, 
08836,NJ,Bridgewater Township,Somerset County,15436,2001-05-31,5,2001,428193, 
08901,NJ,New Brunswick,Middlesex County,2082,2001-06-30,6,2001,148267, 
08807,NJ,Bridgewater Township,Somerset County,2481,2001-06-30,6,2001,315817, 
07920,NJ,Bridgewater Township,Somerset County,4533,2001-06-30,6,2001,426608, 
08836,NJ,Bridgewater Township,Somerset County,15436,2001-06-30,6,2001,431441, 
08901,NJ,New Brunswick,Middlesex County,2082,2001-07-31,7,2001,149471, 
08807,NJ,Bridgewater Township,Somerset County,2481,2001-07-31,7,2001,319157, 
07920,NJ,Bridgewater Township,Somerset County,4533,2001-07-31,7,2001,430017, 
08836,NJ,Bridgewater Township,Somerset County,15436,2001-07-31,7,2001,434890, 
08901,NJ,New Brunswick,Middlesex County,2082,2001-08-31,8,2001,151622, 
08807,NJ,Bridgewater Township,Somerset County,2481,2001-08-31,8,2001,322819, 
07920,NJ,Bridgewater Township,Somerset County,4533,2001-08-31,8,2001,433377, 
08836,NJ,Bridgewater Township,Somerset County,15436,2001-08-31,8,2001,439822, 
08901,NJ,New Brunswick,Middlesex County,2082,2001-09-30,9,2001,153059, 
08807,NJ,Bridgewater Township,Somerset County,2481,2001-09-30,9,2001,326566, 
07920,NJ,Bridgewater Township,Somerset County,4533,2001-09-30,9,2001,436713, 
08836,NJ,Bridgewater Township,Somerset County,15436,2001-09-30,9,2001,444907, 
08901,NJ,New Brunswick,Middlesex County,2082,2001-10-31,10,2001,154739, 
08807,NJ,Bridgewater Township,Somerset County,2481,2001-10-31,10,2001,330287, 
07920,NJ,Bridgewater Township,Somerset County,4533,2001-10-31,10,2001,440080, 
08836,NJ,Bridgewater Township,Somerset County,15436,2001-10-31,10,2001,449859, 
08901,NJ,New Brunswick,Middlesex County,2082,2001-11-30,11,2001,155810, 
08807,NJ,Bridgewater Township,Somerset County,2481,2001-11-30,11,2001,333133, 
07920,NJ,Bridgewater Township,Somerset County,4533,2001-11-30,11,2001,442952, 
08836,NJ,Bridgewater Township,Somerset County,15436,2001-11-30,11,2001,452602, 
08901,NJ,New Brunswick,Middlesex County,2082,2001-12-31,12,2001,157380, 
08807,NJ,Bridgewater Township,Somerset County,2481,2001-12-31,12,2001,335688, 
07920,NJ,Bridgewater Township,Somerset County,4533,2001-12-31,12,2001,445424, 
08836,NJ,Bridgewater Township,Somerset County,15436,2001-12-31,12,2001,456502, 
08901,NJ,New Brunswick,Middlesex County,2082,2002-01-31,1,2002,158704, 
08807,NJ,Bridgewater Township,Somerset County,2481,2002-01-31,1,2002,338252, 
07920,NJ,Bridgewater Township,Somerset County,4533,2002-01-31,1,2002,447934, 
08836,NJ,Bridgewater Township,Somerset County,15436,2002-01-31,1,2002,461161, 
08901,NJ,New Brunswick,Middlesex County,2082,2002-02-28,2,2002,160533, 
08807,NJ,Bridgewater Township,Somerset County,2481,2002-02-28,2,2002,340977, 
07920,NJ,Bridgewater Township,Somerset County,4533,2002-02-28,2,2002,450882, 
08836,NJ,Bridgewater Township,Somerset County,15436,2002-02-28,2,2002,467052, 
08901,NJ,New Brunswick,Middlesex County,2082,2002-03-31,3,2002,162491, 
08807,NJ,Bridgewater Township,Somerset County,2481,2002-03-31,3,2002,343785, 
07920,NJ,Bridgewater Township,Somerset County,4533,2002-03-31,3,2002,454609, 
08836,NJ,Bridgewater Township,Somerset County,15436,2002-03-31,3,2002,472300, 
08901,NJ,New Brunswick,Middlesex County,2082,2002-04-30,4,2002,164984, 
08807,NJ,Bridgewater Township,Somerset County,2481,2002-04-30,4,2002,346086, 
07920,NJ,Bridgewater Township,Somerset County,4533,2002-04-30,4,2002,458205, 
08836,NJ,Bridgewater Township,Somerset County,15436,2002-04-30,4,2002,476486, 
08901,NJ,New Brunswick,Middlesex County,2082,2002-05-31,5,2002,167316, 
08807,NJ,Bridgewater Township,Somerset County,2481,2002-05-31,5,2002,348429, 
07920,NJ,Bridgewater Township,Somerset County,4533,2002-05-31,5,2002,461763, 
08836,NJ,Bridgewater Township,Somerset County,15436,2002-05-31,5,2002,481405, 
08901,NJ,New Brunswick,Middlesex County,2082,2002-06-30,6,2002,169514, 
08807,NJ,Bridgewater Township,Somerset County,2481,2002-06-30,6,2002,351112, 
07920,NJ,Bridgewater Township,Somerset County,4533,2002-06-30,6,2002,464995, 
08836,NJ,Bridgewater Township,Somerset County,15436,2002-06-30,6,2002,484055, 
08901,NJ,New Brunswick,Middlesex County,2082,2002-07-31,7,2002,171663, 
08807,NJ,Bridgewater Township,Somerset County,2481,2002-07-31,7,2002,354952, 
07920,NJ,Bridgewater Township,Somerset County,4533,2002-07-31,7,2002,469922, 
08836,NJ,Bridgewater Township,Somerset County,15436,2002-07-31,7,2002,488929, 
08901,NJ,New Brunswick,Middlesex County,2082,2002-08-31,8,2002,174103, 
08807,NJ,Bridgewater Township,Somerset County,2481,2002-08-31,8,2002,360139, 
07920,NJ,Bridgewater Township,Somerset County,4533,2002-08-31,8,2002,475832, 
08836,NJ,Bridgewater Township,Somerset County,15436,2002-08-31,8,2002,494619, 
08901,NJ,New Brunswick,Middlesex County,2082,2002-09-30,9,2002,176291, 
08807,NJ,Bridgewater Township,Somerset County,2481,2002-09-30,9,2002,365486, 
07920,NJ,Bridgewater Township,Somerset County,4533,2002-09-30,9,2002,482220, 
08836,NJ,Bridgewater Township,Somerset County,15436,2002-09-30,9,2002,501508, 
08901,NJ,New Brunswick,Middlesex County,2082,2002-10-31,10,2002,178624, 
08807,NJ,Bridgewater Township,Somerset County,2481,2002-10-31,10,2002,370790, 
07920,NJ,Bridgewater Township,Somerset County,4533,2002-10-31,10,2002,488209, 
08836,NJ,Bridgewater Township,Somerset County,15436,2002-10-31,10,2002,507876, 
08901,NJ,New Brunswick,Middlesex County,2082,2002-11-30,11,2002,180914, 
08807,NJ,Bridgewater Township,Somerset County,2481,2002-11-30,11,2002,374497, 
07920,NJ,Bridgewater Township,Somerset County,4533,2002-11-30,11,2002,492652, 
08836,NJ,Bridgewater Township,Somerset County,15436,2002-11-30,11,2002,510049, 
08901,NJ,New Brunswick,Middlesex County,2082,2002-12-31,12,2002,183913, 
08807,NJ,Bridgewater Township,Somerset County,2481,2002-12-31,12,2002,377273, 
07920,NJ,Bridgewater Township,Somerset County,4533,2002-12-31,12,2002,495871, 
08836,NJ,Bridgewater Township,Somerset County,15436,2002-12-31,12,2002,511245, 
08901,NJ,New Brunswick,Middlesex County,2082,2003-01-31,1,2003,187331, 
08807,NJ,Bridgewater Township,Somerset County,2481,2003-01-31,1,2003,380173, 
07920,NJ,Bridgewater Township,Somerset County,4533,2003-01-31,1,2003,499912, 
08836,NJ,Bridgewater Township,Somerset County,15436,2003-01-31,1,2003,509727, 
08901,NJ,New Brunswick,Middlesex County,2082,2003-02-28,2,2003,190255, 
08807,NJ,Bridgewater Township,Somerset County,2481,2003-02-28,2,2003,383404, 
07920,NJ,Bridgewater Township,Somerset County,4533,2003-02-28,2,2003,504025, 
08836,NJ,Bridgewater Township,Somerset County,15436,2003-02-28,2,2003,511723, 
08901,NJ,New Brunswick,Middlesex County,2082,2003-03-31,3,2003,193358, 
08807,NJ,Bridgewater Township,Somerset County,2481,2003-03-31,3,2003,386357, 
07920,NJ,Bridgewater Township,Somerset County,4533,2003-03-31,3,2003,507965, 
08836,NJ,Bridgewater Township,Somerset County,15436,2003-03-31,3,2003,513185, 
08901,NJ,New Brunswick,Middlesex County,2082,2003-04-30,4,2003,196535, 
08807,NJ,Bridgewater Township,Somerset County,2481,2003-04-30,4,2003,389587, 
07920,NJ,Bridgewater Township,Somerset County,4533,2003-04-30,4,2003,512306, 
08836,NJ,Bridgewater Township,Somerset County,15436,2003-04-30,4,2003,518340, 
08901,NJ,New Brunswick,Middlesex County,2082,2003-05-31,5,2003,199689, 
08807,NJ,Bridgewater Township,Somerset County,2481,2003-05-31,5,2003,393201, 
07920,NJ,Bridgewater Township,Somerset County,4533,2003-05-31,5,2003,517129, 
08836,NJ,Bridgewater Township,Somerset County,15436,2003-05-31,5,2003,521704, 
08901,NJ,New Brunswick,Middlesex County,2082,2003-06-30,6,2003,203103, 
08807,NJ,Bridgewater Township,Somerset County,2481,2003-06-30,6,2003,397297, 
07920,NJ,Bridgewater Township,Somerset County,4533,2003-06-30,6,2003,522405, 
08836,NJ,Bridgewater Township,Somerset County,15436,2003-06-30,6,2003,526562, 
08901,NJ,New Brunswick,Middlesex County,2082,2003-07-31,7,2003,206342, 
08807,NJ,Bridgewater Township,Somerset County,2481,2003-07-31,7,2003,400151, 
07920,NJ,Bridgewater Township,Somerset County,4533,2003-07-31,7,2003,525488, 
08836,NJ,Bridgewater Township,Somerset County,15436,2003-07-31,7,2003,528823, 
08901,NJ,New Brunswick,Middlesex County,2082,2003-08-31,8,2003,209748, 
08807,NJ,Bridgewater Township,Somerset County,2481,2003-08-31,8,2003,402804, 
07920,NJ,Bridgewater Township,Somerset County,4533,2003-08-31,8,2003,528626, 
08836,NJ,Bridgewater Township,Somerset County,15436,2003-08-31,8,2003,532256, 
08901,NJ,New Brunswick,Middlesex County,2082,2003-09-30,9,2003,212431, 
08807,NJ,Bridgewater Township,Somerset County,2481,2003-09-30,9,2003,405206, 
07920,NJ,Bridgewater Township,Somerset County,4533,2003-09-30,9,2003,531720, 
08836,NJ,Bridgewater Township,Somerset County,15436,2003-09-30,9,2003,536320, 
08901,NJ,New Brunswick,Middlesex County,2082,2003-10-31,10,2003,214464, 
08807,NJ,Bridgewater Township,Somerset County,2481,2003-10-31,10,2003,407529, 
07920,NJ,Bridgewater Township,Somerset County,4533,2003-10-31,10,2003,535241, 
08836,NJ,Bridgewater Township,Somerset County,15436,2003-10-31,10,2003,539592, 
08901,NJ,New Brunswick,Middlesex County,2082,2003-11-30,11,2003,216571, 
08807,NJ,Bridgewater Township,Somerset County,2481,2003-11-30,11,2003,408685, 
07920,NJ,Bridgewater Township,Somerset County,4533,2003-11-30,11,2003,537505, 
08836,NJ,Bridgewater Township,Somerset County,15436,2003-11-30,11,2003,540679, 
08901,NJ,New Brunswick,Middlesex County,2082,2003-12-31,12,2003,219015, 
08807,NJ,Bridgewater Township,Somerset County,2481,2003-12-31,12,2003,410743, 
07920,NJ,Bridgewater Township,Somerset County,4533,2003-12-31,12,2003,540674, 
08836,NJ,Bridgewater Township,Somerset County,15436,2003-12-31,12,2003,542167, 
08901,NJ,New Brunswick,Middlesex County,2082,2004-01-31,1,2004,221557, 
08807,NJ,Bridgewater Township,Somerset County,2481,2004-01-31,1,2004,412829, 
07920,NJ,Bridgewater Township,Somerset County,4533,2004-01-31,1,2004,543809, 
08836,NJ,Bridgewater Township,Somerset County,15436,2004-01-31,1,2004,544735, 
08901,NJ,New Brunswick,Middlesex County,2082,2004-02-29,2,2004,224747, 
08807,NJ,Bridgewater Township,Somerset County,2481,2004-02-29,2,2004,416580, 
07920,NJ,Bridgewater Township,Somerset County,4533,2004-02-29,2,2004,548750, 
08836,NJ,Bridgewater Township,Somerset County,15436,2004-02-29,2,2004,549872, 
08901,NJ,New Brunswick,Middlesex County,2082,2004-03-31,3,2004,227998, 
08807,NJ,Bridgewater Township,Somerset County,2481,2004-03-31,3,2004,420723, 
07920,NJ,Bridgewater Township,Somerset County,4533,2004-03-31,3,2004,554395, 
08836,NJ,Bridgewater Township,Somerset County,15436,2004-03-31,3,2004,555638, 
08901,NJ,New Brunswick,Middlesex County,2082,2004-04-30,4,2004,232063, 
08807,NJ,Bridgewater Township,Somerset County,2481,2004-04-30,4,2004,425961, 
07920,NJ,Bridgewater Township,Somerset County,4533,2004-04-30,4,2004,561127, 
08836,NJ,Bridgewater Township,Somerset County,15436,2004-04-30,4,2004,562009, 
08901,NJ,New Brunswick,Middlesex County,2082,2004-05-31,5,2004,236158, 
08807,NJ,Bridgewater Township,Somerset County,2481,2004-05-31,5,2004,430471, 
07920,NJ,Bridgewater Township,Somerset County,4533,2004-05-31,5,2004,567306, 
08836,NJ,Bridgewater Township,Somerset County,15436,2004-05-31,5,2004,566067, 
08901,NJ,New Brunswick,Middlesex County,2082,2004-06-30,6,2004,240463, 
08807,NJ,Bridgewater Township,Somerset County,2481,2004-06-30,6,2004,434972, 
07920,NJ,Bridgewater Township,Somerset County,4533,2004-06-30,6,2004,573336, 
08836,NJ,Bridgewater Township,Somerset County,15436,2004-06-30,6,2004,570372, 
08901,NJ,New Brunswick,Middlesex County,2082,2004-07-31,7,2004,244926, 
08807,NJ,Bridgewater Township,Somerset County,2481,2004-07-31,7,2004,439264, 
07920,NJ,Bridgewater Township,Somerset County,4533,2004-07-31,7,2004,579009, 
08836,NJ,Bridgewater Township,Somerset County,15436,2004-07-31,7,2004,575626, 
08901,NJ,New Brunswick,Middlesex County,2082,2004-08-31,8,2004,249945, 
08807,NJ,Bridgewater Township,Somerset County,2481,2004-08-31,8,2004,445237, 
07920,NJ,Bridgewater Township,Somerset County,4533,2004-08-31,8,2004,586665, 
08836,NJ,Bridgewater Township,Somerset County,15436,2004-08-31,8,2004,586546, 
08901,NJ,New Brunswick,Middlesex County,2082,2004-09-30,9,2004,253716, 
08807,NJ,Bridgewater Township,Somerset County,2481,2004-09-30,9,2004,452879, 
07920,NJ,Bridgewater Township,Somerset County,4533,2004-09-30,9,2004,597052, 
08836,NJ,Bridgewater Township,Somerset County,15436,2004-09-30,9,2004,597682, 
08901,NJ,New Brunswick,Middlesex County,2082,2004-10-31,10,2004,256724, 
08807,NJ,Bridgewater Township,Somerset County,2481,2004-10-31,10,2004,459962, 
07920,NJ,Bridgewater Township,Somerset County,4533,2004-10-31,10,2004,606471, 
08836,NJ,Bridgewater Township,Somerset County,15436,2004-10-31,10,2004,608412, 
08901,NJ,New Brunswick,Middlesex County,2082,2004-11-30,11,2004,258451, 
08807,NJ,Bridgewater Township,Somerset County,2481,2004-11-30,11,2004,464467, 
07920,NJ,Bridgewater Township,Somerset County,4533,2004-11-30,11,2004,612739, 
08836,NJ,Bridgewater Township,Somerset County,15436,2004-11-30,11,2004,614559, 
08901,NJ,New Brunswick,Middlesex County,2082,2004-12-31,12,2004,261292, 
08807,NJ,Bridgewater Township,Somerset County,2481,2004-12-31,12,2004,467095, 
07920,NJ,Bridgewater Township,Somerset County,4533,2004-12-31,12,2004,616073, 
08836,NJ,Bridgewater Township,Somerset County,15436,2004-12-31,12,2004,620220, 
08901,NJ,New Brunswick,Middlesex County,2082,2005-01-31,1,2005,264472, 
08807,NJ,Bridgewater Township,Somerset County,2481,2005-01-31,1,2005,469179, 
07920,NJ,Bridgewater Township,Somerset County,4533,2005-01-31,1,2005,619119, 
08836,NJ,Bridgewater Township,Somerset County,15436,2005-01-31,1,2005,625703, 
08901,NJ,New Brunswick,Middlesex County,2082,2005-02-28,2,2005,267524, 
08807,NJ,Bridgewater Township,Somerset County,2481,2005-02-28,2,2005,475145, 
07920,NJ,Bridgewater Township,Somerset County,4533,2005-02-28,2,2005,626621, 
08836,NJ,Bridgewater Township,Somerset County,15436,2005-02-28,2,2005,635165, 
08901,NJ,New Brunswick,Middlesex County,2082,2005-03-31,3,2005,270630, 
08807,NJ,Bridgewater Township,Somerset County,2481,2005-03-31,3,2005,479864, 
07920,NJ,Bridgewater Township,Somerset County,4533,2005-03-31,3,2005,632932, 
08836,NJ,Bridgewater Township,Somerset County,15436,2005-03-31,3,2005,642609, 
08901,NJ,New Brunswick,Middlesex County,2082,2005-04-30,4,2005,274220, 
08807,NJ,Bridgewater Township,Somerset County,2481,2005-04-30,4,2005,485207, 
07920,NJ,Bridgewater Township,Somerset County,4533,2005-04-30,4,2005,639485, 
08836,NJ,Bridgewater Township,Somerset County,15436,2005-04-30,4,2005,650298, 
08901,NJ,New Brunswick,Middlesex County,2082,2005-05-31,5,2005,278697, 
08807,NJ,Bridgewater Township,Somerset County,2481,2005-05-31,5,2005,489029, 
07920,NJ,Bridgewater Township,Somerset County,4533,2005-05-31,5,2005,644034, 
08836,NJ,Bridgewater Township,Somerset County,15436,2005-05-31,5,2005,656887, 
08901,NJ,New Brunswick,Middlesex County,2082,2005-06-30,6,2005,283090, 
08807,NJ,Bridgewater Township,Somerset County,2481,2005-06-30,6,2005,494254, 
07920,NJ,Bridgewater Township,Somerset County,4533,2005-06-30,6,2005,650707, 
08836,NJ,Bridgewater Township,Somerset County,15436,2005-06-30,6,2005,664521, 
08901,NJ,New Brunswick,Middlesex County,2082,2005-07-31,7,2005,287554, 
08807,NJ,Bridgewater Township,Somerset County,2481,2005-07-31,7,2005,499811, 
07920,NJ,Bridgewater Township,Somerset County,4533,2005-07-31,7,2005,657397, 
08836,NJ,Bridgewater Township,Somerset County,15436,2005-07-31,7,2005,669112, 
08901,NJ,New Brunswick,Middlesex County,2082,2005-08-31,8,2005,291744, 
08807,NJ,Bridgewater Township,Somerset County,2481,2005-08-31,8,2005,503430, 
07920,NJ,Bridgewater Township,Somerset County,4533,2005-08-31,8,2005,662149, 
08836,NJ,Bridgewater Township,Somerset County,15436,2005-08-31,8,2005,669344, 
08901,NJ,New Brunswick,Middlesex County,2082,2005-09-30,9,2005,295103, 
08807,NJ,Bridgewater Township,Somerset County,2481,2005-09-30,9,2005,507203, 
07920,NJ,Bridgewater Township,Somerset County,4533,2005-09-30,9,2005,665988, 
08836,NJ,Bridgewater Township,Somerset County,15436,2005-09-30,9,2005,670096, 
08901,NJ,New Brunswick,Middlesex County,2082,2005-10-31,10,2005,297387, 
08807,NJ,Bridgewater Township,Somerset County,2481,2005-10-31,10,2005,511308, 
07920,NJ,Bridgewater Township,Somerset County,4533,2005-10-31,10,2005,670594, 
08836,NJ,Bridgewater Township,Somerset County,15436,2005-10-31,10,2005,674424, 
08901,NJ,New Brunswick,Middlesex County,2082,2005-11-30,11,2005,299517, 
08807,NJ,Bridgewater Township,Somerset County,2481,2005-11-30,11,2005,516475, 
07920,NJ,Bridgewater Township,Somerset County,4533,2005-11-30,11,2005,676343, 
08836,NJ,Bridgewater Township,Somerset County,15436,2005-11-30,11,2005,681254, 
08901,NJ,New Brunswick,Middlesex County,2082,2005-12-31,12,2005,300885, 
08807,NJ,Bridgewater Township,Somerset County,2481,2005-12-31,12,2005,520059, 
07920,NJ,Bridgewater Township,Somerset County,4533,2005-12-31,12,2005,680342, 
08836,NJ,Bridgewater Township,Somerset County,15436,2005-12-31,12,2005,686384, 
08901,NJ,New Brunswick,Middlesex County,2082,2006-01-31,1,2006,302022, 
08807,NJ,Bridgewater Township,Somerset County,2481,2006-01-31,1,2006,520903, 
07920,NJ,Bridgewater Township,Somerset County,4533,2006-01-31,1,2006,680605, 
08836,NJ,Bridgewater Township,Somerset County,15436,2006-01-31,1,2006,687508, 
08901,NJ,New Brunswick,Middlesex County,2082,2006-02-28,2,2006,303744, 
08807,NJ,Bridgewater Township,Somerset County,2481,2006-02-28,2,2006,520960, 
07920,NJ,Bridgewater Township,Somerset County,4533,2006-02-28,2,2006,680691, 
08836,NJ,Bridgewater Township,Somerset County,15436,2006-02-28,2,2006,687445, 
08901,NJ,New Brunswick,Middlesex County,2082,2006-03-31,3,2006,306490, 
08807,NJ,Bridgewater Township,Somerset County,2481,2006-03-31,3,2006,522063, 
07920,NJ,Bridgewater Township,Somerset County,4533,2006-03-31,3,2006,682778, 
08836,NJ,Bridgewater Township,Somerset County,15436,2006-03-31,3,2006,689645, 
08901,NJ,New Brunswick,Middlesex County,2082,2006-04-30,4,2006,309686, 
08807,NJ,Bridgewater Township,Somerset County,2481,2006-04-30,4,2006,524805, 
07920,NJ,Bridgewater Township,Somerset County,4533,2006-04-30,4,2006,688044, 
08836,NJ,Bridgewater Township,Somerset County,15436,2006-04-30,4,2006,692179, 
08901,NJ,New Brunswick,Middlesex County,2082,2006-05-31,5,2006,311303, 
08807,NJ,Bridgewater Township,Somerset County,2481,2006-05-31,5,2006,526736, 
07920,NJ,Bridgewater Township,Somerset County,4533,2006-05-31,5,2006,692397, 
08836,NJ,Bridgewater Township,Somerset County,15436,2006-05-31,5,2006,693510, 
08901,NJ,New Brunswick,Middlesex County,2082,2006-06-30,6,2006,313016, 
08807,NJ,Bridgewater Township,Somerset County,2481,2006-06-30,6,2006,528376, 
07920,NJ,Bridgewater Township,Somerset County,4533,2006-06-30,6,2006,695664, 
08836,NJ,Bridgewater Township,Somerset County,15436,2006-06-30,6,2006,693163, 
08901,NJ,New Brunswick,Middlesex County,2082,2006-07-31,7,2006,313429, 
08807,NJ,Bridgewater Township,Somerset County,2481,2006-07-31,7,2006,528162, 
07920,NJ,Bridgewater Township,Somerset County,4533,2006-07-31,7,2006,696682, 
08836,NJ,Bridgewater Township,Somerset County,15436,2006-07-31,7,2006,691031, 
08901,NJ,New Brunswick,Middlesex County,2082,2006-08-31,8,2006,313972, 
08807,NJ,Bridgewater Township,Somerset County,2481,2006-08-31,8,2006,527427, 
07920,NJ,Bridgewater Township,Somerset County,4533,2006-08-31,8,2006,695506, 
08836,NJ,Bridgewater Township,Somerset County,15436,2006-08-31,8,2006,688105, 
08901,NJ,New Brunswick,Middlesex County,2082,2006-09-30,9,2006,313681, 
08807,NJ,Bridgewater Township,Somerset County,2481,2006-09-30,9,2006,524733, 
07920,NJ,Bridgewater Township,Somerset County,4533,2006-09-30,9,2006,692737, 
08836,NJ,Bridgewater Township,Somerset County,15436,2006-09-30,9,2006,683372, 
08901,NJ,New Brunswick,Middlesex County,2082,2006-10-31,10,2006,311867, 
08807,NJ,Bridgewater Township,Somerset County,2481,2006-10-31,10,2006,521217, 
07920,NJ,Bridgewater Township,Somerset County,4533,2006-10-31,10,2006,688522, 
08836,NJ,Bridgewater Township,Somerset County,15436,2006-10-31,10,2006,678415, 
08901,NJ,New Brunswick,Middlesex County,2082,2006-11-30,11,2006,310535, 
08807,NJ,Bridgewater Township,Somerset County,2481,2006-11-30,11,2006,518887, 
07920,NJ,Bridgewater Township,Somerset County,4533,2006-11-30,11,2006,687068, 
08836,NJ,Bridgewater Township,Somerset County,15436,2006-11-30,11,2006,676185, 
08901,NJ,New Brunswick,Middlesex County,2082,2006-12-31,12,2006,308373, 
08807,NJ,Bridgewater Township,Somerset County,2481,2006-12-31,12,2006,515384, 
07920,NJ,Bridgewater Township,Somerset County,4533,2006-12-31,12,2006,682996, 
08836,NJ,Bridgewater Township,Somerset County,15436,2006-12-31,12,2006,671726, 
08901,NJ,New Brunswick,Middlesex County,2082,2007-01-31,1,2007,309112, 
08807,NJ,Bridgewater Township,Somerset County,2481,2007-01-31,1,2007,512172, 
07920,NJ,Bridgewater Township,Somerset County,4533,2007-01-31,1,2007,679567, 
08836,NJ,Bridgewater Township,Somerset County,15436,2007-01-31,1,2007,668438, 
08901,NJ,New Brunswick,Middlesex County,2082,2007-02-28,2,2007,309142, 
08807,NJ,Bridgewater Township,Somerset County,2481,2007-02-28,2,2007,507643, 
07920,NJ,Bridgewater Township,Somerset County,4533,2007-02-28,2,2007,674451, 
08836,NJ,Bridgewater Township,Somerset County,15436,2007-02-28,2,2007,661652, 
08901,NJ,New Brunswick,Middlesex County,2082,2007-03-31,3,2007,310473, 
08807,NJ,Bridgewater Township,Somerset County,2481,2007-03-31,3,2007,505563, 
07920,NJ,Bridgewater Township,Somerset County,4533,2007-03-31,3,2007,672735, 
08836,NJ,Bridgewater Township,Somerset County,15436,2007-03-31,3,2007,659934, 
08901,NJ,New Brunswick,Middlesex County,2082,2007-04-30,4,2007,310637, 
08807,NJ,Bridgewater Township,Somerset County,2481,2007-04-30,4,2007,504277, 
07920,NJ,Bridgewater Township,Somerset County,4533,2007-04-30,4,2007,671974, 
08836,NJ,Bridgewater Township,Somerset County,15436,2007-04-30,4,2007,657871, 
08901,NJ,New Brunswick,Middlesex County,2082,2007-05-31,5,2007,310872, 
08807,NJ,Bridgewater Township,Somerset County,2481,2007-05-31,5,2007,504573, 
07920,NJ,Bridgewater Township,Somerset County,4533,2007-05-31,5,2007,672890, 
08836,NJ,Bridgewater Township,Somerset County,15436,2007-05-31,5,2007,659594, 
08901,NJ,New Brunswick,Middlesex County,2082,2007-06-30,6,2007,309330, 
08807,NJ,Bridgewater Township,Somerset County,2481,2007-06-30,6,2007,503093, 
07920,NJ,Bridgewater Township,Somerset County,4533,2007-06-30,6,2007,671089, 
08836,NJ,Bridgewater Township,Somerset County,15436,2007-06-30,6,2007,658691, 
08901,NJ,New Brunswick,Middlesex County,2082,2007-07-31,7,2007,307065, 
08807,NJ,Bridgewater Township,Somerset County,2481,2007-07-31,7,2007,501377, 
07920,NJ,Bridgewater Township,Somerset County,4533,2007-07-31,7,2007,669229, 
08836,NJ,Bridgewater Township,Somerset County,15436,2007-07-31,7,2007,657052, 
08901,NJ,New Brunswick,Middlesex County,2082,2007-08-31,8,2007,305339, 
08807,NJ,Bridgewater Township,Somerset County,2481,2007-08-31,8,2007,497804, 
07920,NJ,Bridgewater Township,Somerset County,4533,2007-08-31,8,2007,664735, 
08836,NJ,Bridgewater Township,Somerset County,15436,2007-08-31,8,2007,651829, 
08901,NJ,New Brunswick,Middlesex County,2082,2007-09-30,9,2007,304569, 
08807,NJ,Bridgewater Township,Somerset County,2481,2007-09-30,9,2007,495642, 
07920,NJ,Bridgewater Township,Somerset County,4533,2007-09-30,9,2007,662148, 
08836,NJ,Bridgewater Township,Somerset County,15436,2007-09-30,9,2007,647540, 
08901,NJ,New Brunswick,Middlesex County,2082,2007-10-31,10,2007,304620, 
08807,NJ,Bridgewater Township,Somerset County,2481,2007-10-31,10,2007,493679, 
07920,NJ,Bridgewater Township,Somerset County,4533,2007-10-31,10,2007,659620, 
08836,NJ,Bridgewater Township,Somerset County,15436,2007-10-31,10,2007,643572, 
08901,NJ,New Brunswick,Middlesex County,2082,2007-11-30,11,2007,304103, 
08807,NJ,Bridgewater Township,Somerset County,2481,2007-11-30,11,2007,491909, 
07920,NJ,Bridgewater Township,Somerset County,4533,2007-11-30,11,2007,657986, 
08836,NJ,Bridgewater Township,Somerset County,15436,2007-11-30,11,2007,641695, 
08901,NJ,New Brunswick,Middlesex County,2082,2007-12-31,12,2007,303791, 
08807,NJ,Bridgewater Township,Somerset County,2481,2007-12-31,12,2007,490186, 
07920,NJ,Bridgewater Township,Somerset County,4533,2007-12-31,12,2007,657034, 
08836,NJ,Bridgewater Township,Somerset County,15436,2007-12-31,12,2007,638633, 
08901,NJ,New Brunswick,Middlesex County,2082,2008-01-31,1,2008,302894, 
08807,NJ,Bridgewater Township,Somerset County,2481,2008-01-31,1,2008,488352, 
07920,NJ,Bridgewater Township,Somerset County,4533,2008-01-31,1,2008,655266, 
08836,NJ,Bridgewater Township,Somerset County,15436,2008-01-31,1,2008,635872, 
08901,NJ,New Brunswick,Middlesex County,2082,2008-02-29,2,2008,301343, 
08807,NJ,Bridgewater Township,Somerset County,2481,2008-02-29,2,2008,486981, 
07920,NJ,Bridgewater Township,Somerset County,4533,2008-02-29,2,2008,654089, 
08836,NJ,Bridgewater Township,Somerset County,15436,2008-02-29,2,2008,633131, 
08901,NJ,New Brunswick,Middlesex County,2082,2008-03-31,3,2008,298787, 
08807,NJ,Bridgewater Township,Somerset County,2481,2008-03-31,3,2008,485913, 
07920,NJ,Bridgewater Township,Somerset County,4533,2008-03-31,3,2008,652381, 
08836,NJ,Bridgewater Township,Somerset County,15436,2008-03-31,3,2008,631680, 
08901,NJ,New Brunswick,Middlesex County,2082,2008-04-30,4,2008,295635, 
08807,NJ,Bridgewater Township,Somerset County,2481,2008-04-30,4,2008,482395, 
07920,NJ,Bridgewater Township,Somerset County,4533,2008-04-30,4,2008,646740, 
08836,NJ,Bridgewater Township,Somerset County,15436,2008-04-30,4,2008,625074, 
08901,NJ,New Brunswick,Middlesex County,2082,2008-05-31,5,2008,291360, 
08807,NJ,Bridgewater Township,Somerset County,2481,2008-05-31,5,2008,478891, 
07920,NJ,Bridgewater Township,Somerset County,4533,2008-05-31,5,2008,640052, 
08836,NJ,Bridgewater Township,Somerset County,15436,2008-05-31,5,2008,615918, 
08901,NJ,New Brunswick,Middlesex County,2082,2008-06-30,6,2008,287211, 
08807,NJ,Bridgewater Township,Somerset County,2481,2008-06-30,6,2008,475267, 
07920,NJ,Bridgewater Township,Somerset County,4533,2008-06-30,6,2008,634406, 
08836,NJ,Bridgewater Township,Somerset County,15436,2008-06-30,6,2008,606819, 
08901,NJ,New Brunswick,Middlesex County,2082,2008-07-31,7,2008,283192, 
08807,NJ,Bridgewater Township,Somerset County,2481,2008-07-31,7,2008,473144, 
07920,NJ,Bridgewater Township,Somerset County,4533,2008-07-31,7,2008,632386, 
08836,NJ,Bridgewater Township,Somerset County,15436,2008-07-31,7,2008,602197, 
08901,NJ,New Brunswick,Middlesex County,2082,2008-08-31,8,2008,281045, 
08807,NJ,Bridgewater Township,Somerset County,2481,2008-08-31,8,2008,471277, 
07920,NJ,Bridgewater Township,Somerset County,4533,2008-08-31,8,2008,632237, 
08836,NJ,Bridgewater Township,Somerset County,15436,2008-08-31,8,2008,599931, 
08901,NJ,New Brunswick,Middlesex County,2082,2008-09-30,9,2008,279813, 
08807,NJ,Bridgewater Township,Somerset County,2481,2008-09-30,9,2008,467390, 
07920,NJ,Bridgewater Township,Somerset County,4533,2008-09-30,9,2008,630450, 
08836,NJ,Bridgewater Township,Somerset County,15436,2008-09-30,9,2008,595465, 
08901,NJ,New Brunswick,Middlesex County,2082,2008-10-31,10,2008,278710, 
08807,NJ,Bridgewater Township,Somerset County,2481,2008-10-31,10,2008,464025, 
07920,NJ,Bridgewater Township,Somerset County,4533,2008-10-31,10,2008,628294, 
08836,NJ,Bridgewater Township,Somerset County,15436,2008-10-31,10,2008,591500, 
08901,NJ,New Brunswick,Middlesex County,2082,2008-11-30,11,2008,275796, 
08807,NJ,Bridgewater Township,Somerset County,2481,2008-11-30,11,2008,459479, 
07920,NJ,Bridgewater Township,Somerset County,4533,2008-11-30,11,2008,622794, 
08836,NJ,Bridgewater Township,Somerset County,15436,2008-11-30,11,2008,586284, 
08901,NJ,New Brunswick,Middlesex County,2082,2008-12-31,12,2008,272949, 
08807,NJ,Bridgewater Township,Somerset County,2481,2008-12-31,12,2008,456618, 
07920,NJ,Bridgewater Township,Somerset County,4533,2008-12-31,12,2008,618056, 
08836,NJ,Bridgewater Township,Somerset County,15436,2008-12-31,12,2008,581745, 
08901,NJ,New Brunswick,Middlesex County,2082,2009-01-31,1,2009,271448, 
08807,NJ,Bridgewater Township,Somerset County,2481,2009-01-31,1,2009,456264, 
07920,NJ,Bridgewater Township,Somerset County,4533,2009-01-31,1,2009,617663, 
08836,NJ,Bridgewater Township,Somerset County,15436,2009-01-31,1,2009,580843, 
08901,NJ,New Brunswick,Middlesex County,2082,2009-02-28,2,2009,271512, 
08807,NJ,Bridgewater Township,Somerset County,2481,2009-02-28,2,2009,458489, 
07920,NJ,Bridgewater Township,Somerset County,4533,2009-02-28,2,2009,621400, 
08836,NJ,Bridgewater Township,Somerset County,15436,2009-02-28,2,2009,581749, 
08901,NJ,New Brunswick,Middlesex County,2082,2009-03-31,3,2009,271128, 
08807,NJ,Bridgewater Township,Somerset County,2481,2009-03-31,3,2009,457982, 
07920,NJ,Bridgewater Township,Somerset County,4533,2009-03-31,3,2009,621407, 
08836,NJ,Bridgewater Township,Somerset County,15436,2009-03-31,3,2009,581344, 
08901,NJ,New Brunswick,Middlesex County,2082,2009-04-30,4,2009,268605, 
08807,NJ,Bridgewater Township,Somerset County,2481,2009-04-30,4,2009,456876, 
07920,NJ,Bridgewater Township,Somerset County,4533,2009-04-30,4,2009,620269, 
08836,NJ,Bridgewater Township,Somerset County,15436,2009-04-30,4,2009,581216, 
08901,NJ,New Brunswick,Middlesex County,2082,2009-05-31,5,2009,265372, 
08807,NJ,Bridgewater Township,Somerset County,2481,2009-05-31,5,2009,453011, 
07920,NJ,Bridgewater Township,Somerset County,4533,2009-05-31,5,2009,614288, 
08836,NJ,Bridgewater Township,Somerset County,15436,2009-05-31,5,2009,578621, 
08901,NJ,New Brunswick,Middlesex County,2082,2009-06-30,6,2009,262322, 
08807,NJ,Bridgewater Township,Somerset County,2481,2009-06-30,6,2009,450711, 
07920,NJ,Bridgewater Township,Somerset County,4533,2009-06-30,6,2009,610669, 
08836,NJ,Bridgewater Township,Somerset County,15436,2009-06-30,6,2009,577966, 
08901,NJ,New Brunswick,Middlesex County,2082,2009-07-31,7,2009,261147, 
08807,NJ,Bridgewater Township,Somerset County,2481,2009-07-31,7,2009,447530, 
07920,NJ,Bridgewater Township,Somerset County,4533,2009-07-31,7,2009,605650, 
08836,NJ,Bridgewater Township,Somerset County,15436,2009-07-31,7,2009,574716, 
08901,NJ,New Brunswick,Middlesex County,2082,2009-08-31,8,2009,259968, 
08807,NJ,Bridgewater Township,Somerset County,2481,2009-08-31,8,2009,445084, 
07920,NJ,Bridgewater Township,Somerset County,4533,2009-08-31,8,2009,602748, 
08836,NJ,Bridgewater Township,Somerset County,15436,2009-08-31,8,2009,572038, 
08901,NJ,New Brunswick,Middlesex County,2082,2009-09-30,9,2009,258362, 
08807,NJ,Bridgewater Township,Somerset County,2481,2009-09-30,9,2009,443927, 
07920,NJ,Bridgewater Township,Somerset County,4533,2009-09-30,9,2009,600296, 
08836,NJ,Bridgewater Township,Somerset County,15436,2009-09-30,9,2009,570140, 
08901,NJ,New Brunswick,Middlesex County,2082,2009-10-31,10,2009,256309, 
08807,NJ,Bridgewater Township,Somerset County,2481,2009-10-31,10,2009,442744, 
07920,NJ,Bridgewater Township,Somerset County,4533,2009-10-31,10,2009,597578, 
08836,NJ,Bridgewater Township,Somerset County,15436,2009-10-31,10,2009,569207, 
08901,NJ,New Brunswick,Middlesex County,2082,2009-11-30,11,2009,254333, 
08807,NJ,Bridgewater Township,Somerset County,2481,2009-11-30,11,2009,443631, 
07920,NJ,Bridgewater Township,Somerset County,4533,2009-11-30,11,2009,597697, 
08836,NJ,Bridgewater Township,Somerset County,15436,2009-11-30,11,2009,571164, 
08901,NJ,New Brunswick,Middlesex County,2082,2009-12-31,12,2009,251332, 
08807,NJ,Bridgewater Township,Somerset County,2481,2009-12-31,12,2009,444852, 
07920,NJ,Bridgewater Township,Somerset County,4533,2009-12-31,12,2009,598406, 
08836,NJ,Bridgewater Township,Somerset County,15436,2009-12-31,12,2009,573227, 
08901,NJ,New Brunswick,Middlesex County,2082,2010-01-31,1,2010,248269, 
08807,NJ,Bridgewater Township,Somerset County,2481,2010-01-31,1,2010,446179, 
07920,NJ,Bridgewater Township,Somerset County,4533,2010-01-31,1,2010,599670, 
08836,NJ,Bridgewater Township,Somerset County,15436,2010-01-31,1,2010,575192, 
08901,NJ,New Brunswick,Middlesex County,2082,2010-02-28,2,2010,246442, 
08807,NJ,Bridgewater Township,Somerset County,2481,2010-02-28,2,2010,444796, 
07920,NJ,Bridgewater Township,Somerset County,4533,2010-02-28,2,2010,596865, 
08836,NJ,Bridgewater Township,Somerset County,15436,2010-02-28,2,2010,573275, 
08901,NJ,New Brunswick,Middlesex County,2082,2010-03-31,3,2010,245462, 
08807,NJ,Bridgewater Township,Somerset County,2481,2010-03-31,3,2010,445345, 
07920,NJ,Bridgewater Township,Somerset County,4533,2010-03-31,3,2010,597465, 
08836,NJ,Bridgewater Township,Somerset County,15436,2010-03-31,3,2010,573106, 
08901,NJ,New Brunswick,Middlesex County,2082,2010-04-30,4,2010,244894, 
08807,NJ,Bridgewater Township,Somerset County,2481,2010-04-30,4,2010,445159, 
07920,NJ,Bridgewater Township,Somerset County,4533,2010-04-30,4,2010,596531, 
08836,NJ,Bridgewater Township,Somerset County,15436,2010-04-30,4,2010,570395, 
08901,NJ,New Brunswick,Middlesex County,2082,2010-05-31,5,2010,243790, 
08807,NJ,Bridgewater Township,Somerset County,2481,2010-05-31,5,2010,448471, 
07920,NJ,Bridgewater Township,Somerset County,4533,2010-05-31,5,2010,600740, 
08836,NJ,Bridgewater Township,Somerset County,15436,2010-05-31,5,2010,573003, 
08901,NJ,New Brunswick,Middlesex County,2082,2010-06-30,6,2010,243543, 
08807,NJ,Bridgewater Township,Somerset County,2481,2010-06-30,6,2010,450013, 
07920,NJ,Bridgewater Township,Somerset County,4533,2010-06-30,6,2010,602367, 
08836,NJ,Bridgewater Township,Somerset County,15436,2010-06-30,6,2010,573673, 
08901,NJ,New Brunswick,Middlesex County,2082,2010-07-31,7,2010,242697, 
08807,NJ,Bridgewater Township,Somerset County,2481,2010-07-31,7,2010,451365, 
07920,NJ,Bridgewater Township,Somerset County,4533,2010-07-31,7,2010,603705, 
08836,NJ,Bridgewater Township,Somerset County,15436,2010-07-31,7,2010,575791, 
08901,NJ,New Brunswick,Middlesex County,2082,2010-08-31,8,2010,240557, 
08807,NJ,Bridgewater Township,Somerset County,2481,2010-08-31,8,2010,449451, 
07920,NJ,Bridgewater Township,Somerset County,4533,2010-08-31,8,2010,601012, 
08836,NJ,Bridgewater Township,Somerset County,15436,2010-08-31,8,2010,573269, 
08901,NJ,New Brunswick,Middlesex County,2082,2010-09-30,9,2010,238036, 
08807,NJ,Bridgewater Township,Somerset County,2481,2010-09-30,9,2010,446090, 
07920,NJ,Bridgewater Township,Somerset County,4533,2010-09-30,9,2010,597277, 
08836,NJ,Bridgewater Township,Somerset County,15436,2010-09-30,9,2010,568861, 
08901,NJ,New Brunswick,Middlesex County,2082,2010-10-31,10,2010,235384, 
08807,NJ,Bridgewater Township,Somerset County,2481,2010-10-31,10,2010,442075, 
07920,NJ,Bridgewater Township,Somerset County,4533,2010-10-31,10,2010,593390, 
08836,NJ,Bridgewater Township,Somerset County,15436,2010-10-31,10,2010,563324, 
08901,NJ,New Brunswick,Middlesex County,2082,2010-11-30,11,2010,233399, 
08807,NJ,Bridgewater Township,Somerset County,2481,2010-11-30,11,2010,439008, 
07920,NJ,Bridgewater Township,Somerset County,4533,2010-11-30,11,2010,590515, 
08836,NJ,Bridgewater Township,Somerset County,15436,2010-11-30,11,2010,559476, 
08901,NJ,New Brunswick,Middlesex County,2082,2010-12-31,12,2010,232024, 
08807,NJ,Bridgewater Township,Somerset County,2481,2010-12-31,12,2010,436153, 
07920,NJ,Bridgewater Township,Somerset County,4533,2010-12-31,12,2010,587864, 
08836,NJ,Bridgewater Township,Somerset County,15436,2010-12-31,12,2010,557544, 
08901,NJ,New Brunswick,Middlesex County,2082,2011-01-31,1,2011,231948, 
08807,NJ,Bridgewater Township,Somerset County,2481,2011-01-31,1,2011,435244, 
07920,NJ,Bridgewater Township,Somerset County,4533,2011-01-31,1,2011,587760, 
08836,NJ,Bridgewater Township,Somerset County,15436,2011-01-31,1,2011,556574, 
08901,NJ,New Brunswick,Middlesex County,2082,2011-02-28,2,2011,231815, 
08807,NJ,Bridgewater Township,Somerset County,2481,2011-02-28,2,2011,436082, 
07920,NJ,Bridgewater Township,Somerset County,4533,2011-02-28,2,2011,590419, 
08836,NJ,Bridgewater Township,Somerset County,15436,2011-02-28,2,2011,556366, 
08901,NJ,New Brunswick,Middlesex County,2082,2011-03-31,3,2011,231216, 
08807,NJ,Bridgewater Township,Somerset County,2481,2011-03-31,3,2011,435679, 
07920,NJ,Bridgewater Township,Somerset County,4533,2011-03-31,3,2011,591342, 
08836,NJ,Bridgewater Township,Somerset County,15436,2011-03-31,3,2011,553769, 
08901,NJ,New Brunswick,Middlesex County,2082,2011-04-30,4,2011,228634, 
08807,NJ,Bridgewater Township,Somerset County,2481,2011-04-30,4,2011,433883, 
07920,NJ,Bridgewater Township,Somerset County,4533,2011-04-30,4,2011,590573, 
08836,NJ,Bridgewater Township,Somerset County,15436,2011-04-30,4,2011,551686, 
08901,NJ,New Brunswick,Middlesex County,2082,2011-05-31,5,2011,226534, 
08807,NJ,Bridgewater Township,Somerset County,2481,2011-05-31,5,2011,429197, 
07920,NJ,Bridgewater Township,Somerset County,4533,2011-05-31,5,2011,584461, 
08836,NJ,Bridgewater Township,Somerset County,15436,2011-05-31,5,2011,547334, 
08901,NJ,New Brunswick,Middlesex County,2082,2011-06-30,6,2011,223740, 
08807,NJ,Bridgewater Township,Somerset County,2481,2011-06-30,6,2011,425737, 
07920,NJ,Bridgewater Township,Somerset County,4533,2011-06-30,6,2011,580409, 
08836,NJ,Bridgewater Township,Somerset County,15436,2011-06-30,6,2011,544383, 
08901,NJ,New Brunswick,Middlesex County,2082,2011-07-31,7,2011,221946, 
08807,NJ,Bridgewater Township,Somerset County,2481,2011-07-31,7,2011,423298, 
07920,NJ,Bridgewater Township,Somerset County,4533,2011-07-31,7,2011,577696, 
08836,NJ,Bridgewater Township,Somerset County,15436,2011-07-31,7,2011,542779, 
08901,NJ,New Brunswick,Middlesex County,2082,2011-08-31,8,2011,220717, 
08807,NJ,Bridgewater Township,Somerset County,2481,2011-08-31,8,2011,422751, 
07920,NJ,Bridgewater Township,Somerset County,4533,2011-08-31,8,2011,579265, 
08836,NJ,Bridgewater Township,Somerset County,15436,2011-08-31,8,2011,542538, 
08901,NJ,New Brunswick,Middlesex County,2082,2011-09-30,9,2011,220035, 
08807,NJ,Bridgewater Township,Somerset County,2481,2011-09-30,9,2011,422058, 
07920,NJ,Bridgewater Township,Somerset County,4533,2011-09-30,9,2011,579751, 
08836,NJ,Bridgewater Township,Somerset County,15436,2011-09-30,9,2011,542448, 
08901,NJ,New Brunswick,Middlesex County,2082,2011-10-31,10,2011,218720, 
08807,NJ,Bridgewater Township,Somerset County,2481,2011-10-31,10,2011,421025, 
07920,NJ,Bridgewater Township,Somerset County,4533,2011-10-31,10,2011,579139, 
08836,NJ,Bridgewater Township,Somerset County,15436,2011-10-31,10,2011,540698, 
08901,NJ,New Brunswick,Middlesex County,2082,2011-11-30,11,2011,217368, 
08807,NJ,Bridgewater Township,Somerset County,2481,2011-11-30,11,2011,419242, 
07920,NJ,Bridgewater Township,Somerset County,4533,2011-11-30,11,2011,577045, 
08836,NJ,Bridgewater Township,Somerset County,15436,2011-11-30,11,2011,538312, 
08901,NJ,New Brunswick,Middlesex County,2082,2011-12-31,12,2011,216664, 
08807,NJ,Bridgewater Township,Somerset County,2481,2011-12-31,12,2011,418700, 
07920,NJ,Bridgewater Township,Somerset County,4533,2011-12-31,12,2011,576627, 
08836,NJ,Bridgewater Township,Somerset County,15436,2011-12-31,12,2011,537287, 
08901,NJ,New Brunswick,Middlesex County,2082,2012-01-31,1,2012,214994, 
08807,NJ,Bridgewater Township,Somerset County,2481,2012-01-31,1,2012,417961, 
07920,NJ,Bridgewater Township,Somerset County,4533,2012-01-31,1,2012,576709, 
08836,NJ,Bridgewater Township,Somerset County,15436,2012-01-31,1,2012,537128, 
08901,NJ,New Brunswick,Middlesex County,2082,2012-02-29,2,2012,212377, 
08807,NJ,Bridgewater Township,Somerset County,2481,2012-02-29,2,2012,414990, 
07920,NJ,Bridgewater Township,Somerset County,4533,2012-02-29,2,2012,573060, 
08836,NJ,Bridgewater Township,Somerset County,15436,2012-02-29,2,2012,534948, 
08901,NJ,New Brunswick,Middlesex County,2082,2012-03-31,3,2012,209422, 
08807,NJ,Bridgewater Township,Somerset County,2481,2012-03-31,3,2012,413453, 
07920,NJ,Bridgewater Township,Somerset County,4533,2012-03-31,3,2012,571834, 
08836,NJ,Bridgewater Township,Somerset County,15436,2012-03-31,3,2012,534818, 
08901,NJ,New Brunswick,Middlesex County,2082,2012-04-30,4,2012,207970, 
08807,NJ,Bridgewater Township,Somerset County,2481,2012-04-30,4,2012,413019, 
07920,NJ,Bridgewater Township,Somerset County,4533,2012-04-30,4,2012,572333, 
08836,NJ,Bridgewater Township,Somerset County,15436,2012-04-30,4,2012,536505, 
08901,NJ,New Brunswick,Middlesex County,2082,2012-05-31,5,2012,207816, 
08807,NJ,Bridgewater Township,Somerset County,2481,2012-05-31,5,2012,414982, 
07920,NJ,Bridgewater Township,Somerset County,4533,2012-05-31,5,2012,575180, 
08836,NJ,Bridgewater Township,Somerset County,15436,2012-05-31,5,2012,540789, 
08901,NJ,New Brunswick,Middlesex County,2082,2012-06-30,6,2012,207951, 
08807,NJ,Bridgewater Township,Somerset County,2481,2012-06-30,6,2012,414634, 
07920,NJ,Bridgewater Township,Somerset County,4533,2012-06-30,6,2012,574712, 
08836,NJ,Bridgewater Township,Somerset County,15436,2012-06-30,6,2012,541039, 
08901,NJ,New Brunswick,Middlesex County,2082,2012-07-31,7,2012,208342, 
08807,NJ,Bridgewater Township,Somerset County,2481,2012-07-31,7,2012,412633, 
07920,NJ,Bridgewater Township,Somerset County,4533,2012-07-31,7,2012,572118, 
08836,NJ,Bridgewater Township,Somerset County,15436,2012-07-31,7,2012,538381, 
08901,NJ,New Brunswick,Middlesex County,2082,2012-08-31,8,2012,207520, 
08807,NJ,Bridgewater Township,Somerset County,2481,2012-08-31,8,2012,410712, 
07920,NJ,Bridgewater Township,Somerset County,4533,2012-08-31,8,2012,571179, 
08836,NJ,Bridgewater Township,Somerset County,15436,2012-08-31,8,2012,535563, 
08901,NJ,New Brunswick,Middlesex County,2082,2012-09-30,9,2012,207677, 
08807,NJ,Bridgewater Township,Somerset County,2481,2012-09-30,9,2012,409650, 
07920,NJ,Bridgewater Township,Somerset County,4533,2012-09-30,9,2012,570977, 
08836,NJ,Bridgewater Township,Somerset County,15436,2012-09-30,9,2012,534547, 
08901,NJ,New Brunswick,Middlesex County,2082,2012-10-31,10,2012,207485, 
08807,NJ,Bridgewater Township,Somerset County,2481,2012-10-31,10,2012,409812, 
07920,NJ,Bridgewater Township,Somerset County,4533,2012-10-31,10,2012,572338, 
08836,NJ,Bridgewater Township,Somerset County,15436,2012-10-31,10,2012,535011, 
08901,NJ,New Brunswick,Middlesex County,2082,2012-11-30,11,2012,207019, 
08807,NJ,Bridgewater Township,Somerset County,2481,2012-11-30,11,2012,409382, 
07920,NJ,Bridgewater Township,Somerset County,4533,2012-11-30,11,2012,572716, 
08836,NJ,Bridgewater Township,Somerset County,15436,2012-11-30,11,2012,535943, 
08901,NJ,New Brunswick,Middlesex County,2082,2012-12-31,12,2012,206154, 
08807,NJ,Bridgewater Township,Somerset County,2481,2012-12-31,12,2012,410179, 
07920,NJ,Bridgewater Township,Somerset County,4533,2012-12-31,12,2012,575027, 
08836,NJ,Bridgewater Township,Somerset County,15436,2012-12-31,12,2012,537860, 
08901,NJ,New Brunswick,Middlesex County,2082,2013-01-31,1,2013,205430, 
08807,NJ,Bridgewater Township,Somerset County,2481,2013-01-31,1,2013,412040, 
07920,NJ,Bridgewater Township,Somerset County,4533,2013-01-31,1,2013,579992, 
08836,NJ,Bridgewater Township,Somerset County,15436,2013-01-31,1,2013,540784, 
08901,NJ,New Brunswick,Middlesex County,2082,2013-02-28,2,2013,206220, 
08807,NJ,Bridgewater Township,Somerset County,2481,2013-02-28,2,2013,414646, 
07920,NJ,Bridgewater Township,Somerset County,4533,2013-02-28,2,2013,586409, 
08836,NJ,Bridgewater Township,Somerset County,15436,2013-02-28,2,2013,543643, 
08901,NJ,New Brunswick,Middlesex County,2082,2013-03-31,3,2013,206598, 
08807,NJ,Bridgewater Township,Somerset County,2481,2013-03-31,3,2013,415775, 
07920,NJ,Bridgewater Township,Somerset County,4533,2013-03-31,3,2013,590211, 
08836,NJ,Bridgewater Township,Somerset County,15436,2013-03-31,3,2013,544310, 
08901,NJ,New Brunswick,Middlesex County,2082,2013-04-30,4,2013,207545, 
08807,NJ,Bridgewater Township,Somerset County,2481,2013-04-30,4,2013,415478, 
07920,NJ,Bridgewater Township,Somerset County,4533,2013-04-30,4,2013,589504, 
08836,NJ,Bridgewater Township,Somerset County,15436,2013-04-30,4,2013,542223, 
08901,NJ,New Brunswick,Middlesex County,2082,2013-05-31,5,2013,207512, 
08807,NJ,Bridgewater Township,Somerset County,2481,2013-05-31,5,2013,414398, 
07920,NJ,Bridgewater Township,Somerset County,4533,2013-05-31,5,2013,588032, 
08836,NJ,Bridgewater Township,Somerset County,15436,2013-05-31,5,2013,538552, 
08901,NJ,New Brunswick,Middlesex County,2082,2013-06-30,6,2013,207270, 
08807,NJ,Bridgewater Township,Somerset County,2481,2013-06-30,6,2013,415189, 
07920,NJ,Bridgewater Township,Somerset County,4533,2013-06-30,6,2013,589582, 
08836,NJ,Bridgewater Township,Somerset County,15436,2013-06-30,6,2013,538415, 
08901,NJ,New Brunswick,Middlesex County,2082,2013-07-31,7,2013,207778, 
08807,NJ,Bridgewater Township,Somerset County,2481,2013-07-31,7,2013,417176, 
07920,NJ,Bridgewater Township,Somerset County,4533,2013-07-31,7,2013,593130, 
08836,NJ,Bridgewater Township,Somerset County,15436,2013-07-31,7,2013,540542, 
08901,NJ,New Brunswick,Middlesex County,2082,2013-08-31,8,2013,209754, 
08807,NJ,Bridgewater Township,Somerset County,2481,2013-08-31,8,2013,420645, 
07920,NJ,Bridgewater Township,Somerset County,4533,2013-08-31,8,2013,597693, 
08836,NJ,Bridgewater Township,Somerset County,15436,2013-08-31,8,2013,545254, 
08901,NJ,New Brunswick,Middlesex County,2082,2013-09-30,9,2013,212544, 
08807,NJ,Bridgewater Township,Somerset County,2481,2013-09-30,9,2013,422844, 
07920,NJ,Bridgewater Township,Somerset County,4533,2013-09-30,9,2013,602022, 
08836,NJ,Bridgewater Township,Somerset County,15436,2013-09-30,9,2013,547181, 
08901,NJ,New Brunswick,Middlesex County,2082,2013-10-31,10,2013,214845, 
08807,NJ,Bridgewater Township,Somerset County,2481,2013-10-31,10,2013,424887, 
07920,NJ,Bridgewater Township,Somerset County,4533,2013-10-31,10,2013,606156, 
08836,NJ,Bridgewater Township,Somerset County,15436,2013-10-31,10,2013,548660, 
08901,NJ,New Brunswick,Middlesex County,2082,2013-11-30,11,2013,216457, 
08807,NJ,Bridgewater Township,Somerset County,2481,2013-11-30,11,2013,427295, 
07920,NJ,Bridgewater Township,Somerset County,4533,2013-11-30,11,2013,612192, 
08836,NJ,Bridgewater Township,Somerset County,15436,2013-11-30,11,2013,550624, 
08901,NJ,New Brunswick,Middlesex County,2082,2013-12-31,12,2013,217353, 
08807,NJ,Bridgewater Township,Somerset County,2481,2013-12-31,12,2013,427655, 
07920,NJ,Bridgewater Township,Somerset County,4533,2013-12-31,12,2013,614162, 
08836,NJ,Bridgewater Township,Somerset County,15436,2013-12-31,12,2013,550653, 
08901,NJ,New Brunswick,Middlesex County,2082,2014-01-31,1,2014,219179, 
08807,NJ,Bridgewater Township,Somerset County,2481,2014-01-31,1,2014,429164, 
07920,NJ,Bridgewater Township,Somerset County,4533,2014-01-31,1,2014,617333, 
08836,NJ,Bridgewater Township,Somerset County,15436,2014-01-31,1,2014,552959, 
08901,NJ,New Brunswick,Middlesex County,2082,2014-02-28,2,2014,219628, 
08807,NJ,Bridgewater Township,Somerset County,2481,2014-02-28,2,2014,429729, 
07920,NJ,Bridgewater Township,Somerset County,4533,2014-02-28,2,2014,617689, 
08836,NJ,Bridgewater Township,Somerset County,15436,2014-02-28,2,2014,554257, 
08901,NJ,New Brunswick,Middlesex County,2082,2014-03-31,3,2014,219866, 
08807,NJ,Bridgewater Township,Somerset County,2481,2014-03-31,3,2014,434652, 
07920,NJ,Bridgewater Township,Somerset County,4533,2014-03-31,3,2014,622928, 
08836,NJ,Bridgewater Township,Somerset County,15436,2014-03-31,3,2014,559605, 
08901,NJ,New Brunswick,Middlesex County,2082,2014-04-30,4,2014,219923, 
08807,NJ,Bridgewater Township,Somerset County,2481,2014-04-30,4,2014,439014, 
07920,NJ,Bridgewater Township,Somerset County,4533,2014-04-30,4,2014,628075, 
08836,NJ,Bridgewater Township,Somerset County,15436,2014-04-30,4,2014,565019, 
08901,NJ,New Brunswick,Middlesex County,2082,2014-05-31,5,2014,221319, 
08807,NJ,Bridgewater Township,Somerset County,2481,2014-05-31,5,2014,444031, 
07920,NJ,Bridgewater Township,Somerset County,4533,2014-05-31,5,2014,633426, 
08836,NJ,Bridgewater Township,Somerset County,15436,2014-05-31,5,2014,571893, 
08901,NJ,New Brunswick,Middlesex County,2082,2014-06-30,6,2014,222773, 
08807,NJ,Bridgewater Township,Somerset County,2481,2014-06-30,6,2014,446200, 
07920,NJ,Bridgewater Township,Somerset County,4533,2014-06-30,6,2014,635549, 
08836,NJ,Bridgewater Township,Somerset County,15436,2014-06-30,6,2014,575847, 
08901,NJ,New Brunswick,Middlesex County,2082,2014-07-31,7,2014,222560, 
08807,NJ,Bridgewater Township,Somerset County,2481,2014-07-31,7,2014,447669, 
07920,NJ,Bridgewater Township,Somerset County,4533,2014-07-31,7,2014,636273, 
08836,NJ,Bridgewater Township,Somerset County,15436,2014-07-31,7,2014,577276, 
08901,NJ,New Brunswick,Middlesex County,2082,2014-08-31,8,2014,221583, 
08807,NJ,Bridgewater Township,Somerset County,2481,2014-08-31,8,2014,447586, 
07920,NJ,Bridgewater Township,Somerset County,4533,2014-08-31,8,2014,636954, 
08836,NJ,Bridgewater Township,Somerset County,15436,2014-08-31,8,2014,577281, 
08901,NJ,New Brunswick,Middlesex County,2082,2014-09-30,9,2014,220068, 
08807,NJ,Bridgewater Township,Somerset County,2481,2014-09-30,9,2014,447081, 
07920,NJ,Bridgewater Township,Somerset County,4533,2014-09-30,9,2014,637831, 
08836,NJ,Bridgewater Township,Somerset County,15436,2014-09-30,9,2014,578132, 
08901,NJ,New Brunswick,Middlesex County,2082,2014-10-31,10,2014,218227, 
08807,NJ,Bridgewater Township,Somerset County,2481,2014-10-31,10,2014,445122, 
07920,NJ,Bridgewater Township,Somerset County,4533,2014-10-31,10,2014,637872, 
08836,NJ,Bridgewater Township,Somerset County,15436,2014-10-31,10,2014,577143, 
08901,NJ,New Brunswick,Middlesex County,2082,2014-11-30,11,2014,216258, 
08807,NJ,Bridgewater Township,Somerset County,2481,2014-11-30,11,2014,443609, 
07920,NJ,Bridgewater Township,Somerset County,4533,2014-11-30,11,2014,636549, 
08836,NJ,Bridgewater Township,Somerset County,15436,2014-11-30,11,2014,574362, 
08901,NJ,New Brunswick,Middlesex County,2082,2014-12-31,12,2014,215178, 
08807,NJ,Bridgewater Township,Somerset County,2481,2014-12-31,12,2014,443029, 
07920,NJ,Bridgewater Township,Somerset County,4533,2014-12-31,12,2014,636181, 
08836,NJ,Bridgewater Township,Somerset County,15436,2014-12-31,12,2014,571506, 
08901,NJ,New Brunswick,Middlesex County,2082,2015-01-31,1,2015,215992, 
08807,NJ,Bridgewater Township,Somerset County,2481,2015-01-31,1,2015,441982, 
07920,NJ,Bridgewater Township,Somerset County,4533,2015-01-31,1,2015,633526, 
08836,NJ,Bridgewater Township,Somerset County,15436,2015-01-31,1,2015,569298, 
08901,NJ,New Brunswick,Middlesex County,2082,2015-02-28,2,2015,218699, 
08807,NJ,Bridgewater Township,Somerset County,2481,2015-02-28,2,2015,441920, 
07920,NJ,Bridgewater Township,Somerset County,4533,2015-02-28,2,2015,632835, 
08836,NJ,Bridgewater Township,Somerset County,15436,2015-02-28,2,2015,569033, 
08901,NJ,New Brunswick,Middlesex County,2082,2015-03-31,3,2015,221402, 
08807,NJ,Bridgewater Township,Somerset County,2481,2015-03-31,3,2015,440543, 
07920,NJ,Bridgewater Township,Somerset County,4533,2015-03-31,3,2015,630444, 
08836,NJ,Bridgewater Township,Somerset County,15436,2015-03-31,3,2015,567419, 
08901,NJ,New Brunswick,Middlesex County,2082,2015-04-30,4,2015,223138, 
08807,NJ,Bridgewater Township,Somerset County,2481,2015-04-30,4,2015,439514, 
07920,NJ,Bridgewater Township,Somerset County,4533,2015-04-30,4,2015,628935, 
08836,NJ,Bridgewater Township,Somerset County,15436,2015-04-30,4,2015,565223, 
08901,NJ,New Brunswick,Middlesex County,2082,2015-05-31,5,2015,225348, 
08807,NJ,Bridgewater Township,Somerset County,2481,2015-05-31,5,2015,439412, 
07920,NJ,Bridgewater Township,Somerset County,4533,2015-05-31,5,2015,629174, 
08836,NJ,Bridgewater Township,Somerset County,15436,2015-05-31,5,2015,564908, 
08901,NJ,New Brunswick,Middlesex County,2082,2015-06-30,6,2015,227242, 
08807,NJ,Bridgewater Township,Somerset County,2481,2015-06-30,6,2015,441498, 
07920,NJ,Bridgewater Township,Somerset County,4533,2015-06-30,6,2015,630538, 
08836,NJ,Bridgewater Township,Somerset County,15436,2015-06-30,6,2015,565580, 
08901,NJ,New Brunswick,Middlesex County,2082,2015-07-31,7,2015,228822, 
08807,NJ,Bridgewater Township,Somerset County,2481,2015-07-31,7,2015,444366, 
07920,NJ,Bridgewater Township,Somerset County,4533,2015-07-31,7,2015,633004, 
08836,NJ,Bridgewater Township,Somerset County,15436,2015-07-31,7,2015,567693, 
08901,NJ,New Brunswick,Middlesex County,2082,2015-08-31,8,2015,228049, 
08807,NJ,Bridgewater Township,Somerset County,2481,2015-08-31,8,2015,444939, 
07920,NJ,Bridgewater Township,Somerset County,4533,2015-08-31,8,2015,631523, 
08836,NJ,Bridgewater Township,Somerset County,15436,2015-08-31,8,2015,567577, 
08901,NJ,New Brunswick,Middlesex County,2082,2015-09-30,9,2015,227447, 
08807,NJ,Bridgewater Township,Somerset County,2481,2015-09-30,9,2015,443520, 
07920,NJ,Bridgewater Township,Somerset County,4533,2015-09-30,9,2015,628568, 
08836,NJ,Bridgewater Township,Somerset County,15436,2015-09-30,9,2015,566748, 
08901,NJ,New Brunswick,Middlesex County,2082,2015-10-31,10,2015,227738, 
08807,NJ,Bridgewater Township,Somerset County,2481,2015-10-31,10,2015,441947, 
07920,NJ,Bridgewater Township,Somerset County,4533,2015-10-31,10,2015,625440, 
08836,NJ,Bridgewater Township,Somerset County,15436,2015-10-31,10,2015,565118, 
08901,NJ,New Brunswick,Middlesex County,2082,2015-11-30,11,2015,229770, 
08807,NJ,Bridgewater Township,Somerset County,2481,2015-11-30,11,2015,441281, 
07920,NJ,Bridgewater Township,Somerset County,4533,2015-11-30,11,2015,623841, 
08836,NJ,Bridgewater Township,Somerset County,15436,2015-11-30,11,2015,563510, 
08901,NJ,New Brunswick,Middlesex County,2082,2015-12-31,12,2015,231319, 
08807,NJ,Bridgewater Township,Somerset County,2481,2015-12-31,12,2015,440732, 
07920,NJ,Bridgewater Township,Somerset County,4533,2015-12-31,12,2015,622831, 
08836,NJ,Bridgewater Township,Somerset County,15436,2015-12-31,12,2015,562091, 
08901,NJ,New Brunswick,Middlesex County,2082,2016-01-31,1,2016,231226, 
08807,NJ,Bridgewater Township,Somerset County,2481,2016-01-31,1,2016,443546, 
07920,NJ,Bridgewater Township,Somerset County,4533,2016-01-31,1,2016,625489, 
08836,NJ,Bridgewater Township,Somerset County,15436,2016-01-31,1,2016,566042, 
08901,NJ,New Brunswick,Middlesex County,2082,2016-02-29,2,2016,231016, 
08807,NJ,Bridgewater Township,Somerset County,2481,2016-02-29,2,2016,447382, 
07920,NJ,Bridgewater Township,Somerset County,4533,2016-02-29,2,2016,629091, 
08836,NJ,Bridgewater Township,Somerset County,15436,2016-02-29,2,2016,570423, 
08901,NJ,New Brunswick,Middlesex County,2082,2016-03-31,3,2016,230344, 
08807,NJ,Bridgewater Township,Somerset County,2481,2016-03-31,3,2016,452527, 
07920,NJ,Bridgewater Township,Somerset County,4533,2016-03-31,3,2016,634514, 
08836,NJ,Bridgewater Township,Somerset County,15436,2016-03-31,3,2016,575403, 
08901,NJ,New Brunswick,Middlesex County,2082,2016-04-30,4,2016,231232, 
08807,NJ,Bridgewater Township,Somerset County,2481,2016-04-30,4,2016,454508, 
07920,NJ,Bridgewater Township,Somerset County,4533,2016-04-30,4,2016,635542, 
08836,NJ,Bridgewater Township,Somerset County,15436,2016-04-30,4,2016,577006, 
08901,NJ,New Brunswick,Middlesex County,2082,2016-05-31,5,2016,232186, 
08807,NJ,Bridgewater Township,Somerset County,2481,2016-05-31,5,2016,454186, 
07920,NJ,Bridgewater Township,Somerset County,4533,2016-05-31,5,2016,635078, 
08836,NJ,Bridgewater Township,Somerset County,15436,2016-05-31,5,2016,576566, 
08901,NJ,New Brunswick,Middlesex County,2082,2016-06-30,6,2016,233358, 
08807,NJ,Bridgewater Township,Somerset County,2481,2016-06-30,6,2016,452137, 
07920,NJ,Bridgewater Township,Somerset County,4533,2016-06-30,6,2016,630373, 
08836,NJ,Bridgewater Township,Somerset County,15436,2016-06-30,6,2016,574885, 
08901,NJ,New Brunswick,Middlesex County,2082,2016-07-31,7,2016,234092, 
08807,NJ,Bridgewater Township,Somerset County,2481,2016-07-31,7,2016,449607, 
07920,NJ,Bridgewater Township,Somerset County,4533,2016-07-31,7,2016,625932, 
08836,NJ,Bridgewater Township,Somerset County,15436,2016-07-31,7,2016,570040, 
08901,NJ,New Brunswick,Middlesex County,2082,2016-08-31,8,2016,234019, 
08807,NJ,Bridgewater Township,Somerset County,2481,2016-08-31,8,2016,448679, 
07920,NJ,Bridgewater Township,Somerset County,4533,2016-08-31,8,2016,622260, 
08836,NJ,Bridgewater Township,Somerset County,15436,2016-08-31,8,2016,566350, 
08901,NJ,New Brunswick,Middlesex County,2082,2016-09-30,9,2016,234468, 
08807,NJ,Bridgewater Township,Somerset County,2481,2016-09-30,9,2016,448878, 
07920,NJ,Bridgewater Township,Somerset County,4533,2016-09-30,9,2016,621376, 
08836,NJ,Bridgewater Township,Somerset County,15436,2016-09-30,9,2016,565779, 
08901,NJ,New Brunswick,Middlesex County,2082,2016-10-31,10,2016,234932, 
08807,NJ,Bridgewater Township,Somerset County,2481,2016-10-31,10,2016,450435, 
07920,NJ,Bridgewater Township,Somerset County,4533,2016-10-31,10,2016,622538, 
08836,NJ,Bridgewater Township,Somerset County,15436,2016-10-31,10,2016,569027, 
08901,NJ,New Brunswick,Middlesex County,2082,2016-11-30,11,2016,234861, 
08807,NJ,Bridgewater Township,Somerset County,2481,2016-11-30,11,2016,452078, 
07920,NJ,Bridgewater Township,Somerset County,4533,2016-11-30,11,2016,624037, 
08836,NJ,Bridgewater Township,Somerset County,15436,2016-11-30,11,2016,572984, 
08901,NJ,New Brunswick,Middlesex County,2082,2016-12-31,12,2016,235351, 
08807,NJ,Bridgewater Township,Somerset County,2481,2016-12-31,12,2016,452463, 
07920,NJ,Bridgewater Township,Somerset County,4533,2016-12-31,12,2016,624557, 
08836,NJ,Bridgewater Township,Somerset County,15436,2016-12-31,12,2016,574701, 
08901,NJ,New Brunswick,Middlesex County,2082,2017-01-31,1,2017,235929, 
08807,NJ,Bridgewater Township,Somerset County,2481,2017-01-31,1,2017,452224, 
07920,NJ,Bridgewater Township,Somerset County,4533,2017-01-31,1,2017,624287, 
08836,NJ,Bridgewater Township,Somerset County,15436,2017-01-31,1,2017,574206, 
08901,NJ,New Brunswick,Middlesex County,2082,2017-02-28,2,2017,236961, 
08807,NJ,Bridgewater Township,Somerset County,2481,2017-02-28,2,2017,450244, 
07920,NJ,Bridgewater Township,Somerset County,4533,2017-02-28,2,2017,622475, 
08836,NJ,Bridgewater Township,Somerset County,15436,2017-02-28,2,2017,572945, 
08901,NJ,New Brunswick,Middlesex County,2082,2017-03-31,3,2017,238286, 
08807,NJ,Bridgewater Township,Somerset County,2481,2017-03-31,3,2017,450908, 
07920,NJ,Bridgewater Township,Somerset County,4533,2017-03-31,3,2017,623659, 
08836,NJ,Bridgewater Township,Somerset County,15436,2017-03-31,3,2017,573712, 
08901,NJ,New Brunswick,Middlesex County,2082,2017-04-30,4,2017,239420, 
08807,NJ,Bridgewater Township,Somerset County,2481,2017-04-30,4,2017,454001, 
07920,NJ,Bridgewater Township,Somerset County,4533,2017-04-30,4,2017,626687, 
08836,NJ,Bridgewater Township,Somerset County,15436,2017-04-30,4,2017,576521, 
08901,NJ,New Brunswick,Middlesex County,2082,2017-05-31,5,2017,241043, 
08807,NJ,Bridgewater Township,Somerset County,2481,2017-05-31,5,2017,458977, 
07920,NJ,Bridgewater Township,Somerset County,4533,2017-05-31,5,2017,631521, 
08836,NJ,Bridgewater Township,Somerset County,15436,2017-05-31,5,2017,579493, 
08901,NJ,New Brunswick,Middlesex County,2082,2017-06-30,6,2017,243859, 
08807,NJ,Bridgewater Township,Somerset County,2481,2017-06-30,6,2017,460571, 
07920,NJ,Bridgewater Township,Somerset County,4533,2017-06-30,6,2017,631316, 
08836,NJ,Bridgewater Township,Somerset County,15436,2017-06-30,6,2017,579577, 
08901,NJ,New Brunswick,Middlesex County,2082,2017-07-31,7,2017,247580, 
08807,NJ,Bridgewater Township,Somerset County,2481,2017-07-31,7,2017,460182, 
07920,NJ,Bridgewater Township,Somerset County,4533,2017-07-31,7,2017,629855, 
08836,NJ,Bridgewater Township,Somerset County,15436,2017-07-31,7,2017,579266, 
08901,NJ,New Brunswick,Middlesex County,2082,2017-08-31,8,2017,250736, 
08807,NJ,Bridgewater Township,Somerset County,2481,2017-08-31,8,2017,459108, 
07920,NJ,Bridgewater Township,Somerset County,4533,2017-08-31,8,2017,627126, 
08836,NJ,Bridgewater Township,Somerset County,15436,2017-08-31,8,2017,577539, 
08901,NJ,New Brunswick,Middlesex County,2082,2017-09-30,9,2017,251364, 
08807,NJ,Bridgewater Township,Somerset County,2481,2017-09-30,9,2017,459738, 
07920,NJ,Bridgewater Township,Somerset County,4533,2017-09-30,9,2017,626945, 
08836,NJ,Bridgewater Township,Somerset County,15436,2017-09-30,9,2017,577461, 
08901,NJ,New Brunswick,Middlesex County,2082,2017-10-31,10,2017,251649, 
08807,NJ,Bridgewater Township,Somerset County,2481,2017-10-31,10,2017,460082, 
07920,NJ,Bridgewater Township,Somerset County,4533,2017-10-31,10,2017,626749, 
08836,NJ,Bridgewater Township,Somerset County,15436,2017-10-31,10,2017,576309, 
08901,NJ,New Brunswick,Middlesex County,2082,2017-11-30,11,2017,252783, 
08807,NJ,Bridgewater Township,Somerset County,2481,2017-11-30,11,2017,460415, 
07920,NJ,Bridgewater Township,Somerset County,4533,2017-11-30,11,2017,625692, 
08836,NJ,Bridgewater Township,Somerset County,15436,2017-11-30,11,2017,575962, 
08901,NJ,New Brunswick,Middlesex County,2082,2017-12-31,12,2017,253629, 
08807,NJ,Bridgewater Township,Somerset County,2481,2017-12-31,12,2017,461518, 
07920,NJ,Bridgewater Township,Somerset County,4533,2017-12-31,12,2017,625887, 
08836,NJ,Bridgewater Township,Somerset County,15436,2017-12-31,12,2017,576384, 
08901,NJ,New Brunswick,Middlesex County,2082,2018-01-31,1,2018,254190, 
08807,NJ,Bridgewater Township,Somerset County,2481,2018-01-31,1,2018,462441, 
07920,NJ,Bridgewater Township,Somerset County,4533,2018-01-31,1,2018,624529, 
08836,NJ,Bridgewater Township,Somerset County,15436,2018-01-31,1,2018,576183, 
08901,NJ,New Brunswick,Middlesex County,2082,2018-02-28,2,2018,253923, 
08807,NJ,Bridgewater Township,Somerset County,2481,2018-02-28,2,2018,464888, 
07920,NJ,Bridgewater Township,Somerset County,4533,2018-02-28,2,2018,626497, 
08836,NJ,Bridgewater Township,Somerset County,15436,2018-02-28,2,2018,578330, 
08901,NJ,New Brunswick,Middlesex County,2082,2018-03-31,3,2018,255552, 
08807,NJ,Bridgewater Township,Somerset County,2481,2018-03-31,3,2018,466878, 
07920,NJ,Bridgewater Township,Somerset County,4533,2018-03-31,3,2018,628443, 
08836,NJ,Bridgewater Township,Somerset County,15436,2018-03-31,3,2018,580240, 
08901,NJ,New Brunswick,Middlesex County,2082,2018-04-30,4,2018,257690, 
08807,NJ,Bridgewater Township,Somerset County,2481,2018-04-30,4,2018,469155, 
07920,NJ,Bridgewater Township,Somerset County,4533,2018-04-30,4,2018,631697, 
08836,NJ,Bridgewater Township,Somerset County,15436,2018-04-30,4,2018,583255, 
08901,NJ,New Brunswick,Middlesex County,2082,2018-05-31,5,2018,259561, 
08807,NJ,Bridgewater Township,Somerset County,2481,2018-05-31,5,2018,470518, 
07920,NJ,Bridgewater Township,Somerset County,4533,2018-05-31,5,2018,634034, 
08836,NJ,Bridgewater Township,Somerset County,15436,2018-05-31,5,2018,584164, 
08901,NJ,New Brunswick,Middlesex County,2082,2018-06-30,6,2018,260554, 
08807,NJ,Bridgewater Township,Somerset County,2481,2018-06-30,6,2018,471530, 
07920,NJ,Bridgewater Township,Somerset County,4533,2018-06-30,6,2018,635203, 
08836,NJ,Bridgewater Township,Somerset County,15436,2018-06-30,6,2018,583782, 
08901,NJ,New Brunswick,Middlesex County,2082,2018-07-31,7,2018,259955, 
08807,NJ,Bridgewater Township,Somerset County,2481,2018-07-31,7,2018,470709, 
07920,NJ,Bridgewater Township,Somerset County,4533,2018-07-31,7,2018,633652, 
08836,NJ,Bridgewater Township,Somerset County,15436,2018-07-31,7,2018,579846, 
08901,NJ,New Brunswick,Middlesex County,2082,2018-08-31,8,2018,260113, 
08807,NJ,Bridgewater Township,Somerset County,2481,2018-08-31,8,2018,469901, 
07920,NJ,Bridgewater Township,Somerset County,4533,2018-08-31,8,2018,631191, 
08836,NJ,Bridgewater Township,Somerset County,15436,2018-08-31,8,2018,576932, 
08901,NJ,New Brunswick,Middlesex County,2082,2018-09-30,9,2018,261123, 
08807,NJ,Bridgewater Township,Somerset County,2481,2018-09-30,9,2018,469036, 
07920,NJ,Bridgewater Township,Somerset County,4533,2018-09-30,9,2018,628999, 
08836,NJ,Bridgewater Township,Somerset County,15436,2018-09-30,9,2018,573532, 
08901,NJ,New Brunswick,Middlesex County,2082,2018-10-31,10,2018,262731, 
08807,NJ,Bridgewater Township,Somerset County,2481,2018-10-31,10,2018,470508, 
07920,NJ,Bridgewater Township,Somerset County,4533,2018-10-31,10,2018,629361, 
08836,NJ,Bridgewater Township,Somerset County,15436,2018-10-31,10,2018,573153, 
08901,NJ,New Brunswick,Middlesex County,2082,2018-11-30,11,2018,264381, 
08807,NJ,Bridgewater Township,Somerset County,2481,2018-11-30,11,2018,472046, 
07920,NJ,Bridgewater Township,Somerset County,4533,2018-11-30,11,2018,630281, 
08836,NJ,Bridgewater Township,Somerset County,15436,2018-11-30,11,2018,572331, 
08901,NJ,New Brunswick,Middlesex County,2082,2018-12-31,12,2018,264667, 
08807,NJ,Bridgewater Township,Somerset County,2481,2018-12-31,12,2018,475214, 
07920,NJ,Bridgewater Township,Somerset County,4533,2018-12-31,12,2018,633211, 
08836,NJ,Bridgewater Township,Somerset County,15436,2018-12-31,12,2018,574466, 
08901,NJ,New Brunswick,Middlesex County,2082,2019-01-31,1,2019,266662, 
08807,NJ,Bridgewater Township,Somerset County,2481,2019-01-31,1,2019,477533, 
07920,NJ,Bridgewater Township,Somerset County,4533,2019-01-31,1,2019,635963, 
08836,NJ,Bridgewater Township,Somerset County,15436,2019-01-31,1,2019,577359, 
08901,NJ,New Brunswick,Middlesex County,2082,2019-02-28,2,2019,268134, 
08807,NJ,Bridgewater Township,Somerset County,2481,2019-02-28,2,2019,478426, 
07920,NJ,Bridgewater Township,Somerset County,4533,2019-02-28,2,2019,636923, 
08836,NJ,Bridgewater Township,Somerset County,15436,2019-02-28,2,2019,578902, 
08901,NJ,New Brunswick,Middlesex County,2082,2019-03-31,3,2019,270652, 
08807,NJ,Bridgewater Township,Somerset County,2481,2019-03-31,3,2019,476329, 
07920,NJ,Bridgewater Township,Somerset County,4533,2019-03-31,3,2019,633055, 
08836,NJ,Bridgewater Township,Somerset County,15436,2019-03-31,3,2019,577305, 
08901,NJ,New Brunswick,Middlesex County,2082,2019-04-30,4,2019,272479, 
08807,NJ,Bridgewater Township,Somerset County,2481,2019-04-30,4,2019,474582, 
07920,NJ,Bridgewater Township,Somerset County,4533,2019-04-30,4,2019,629257, 
08836,NJ,Bridgewater Township,Somerset County,15436,2019-04-30,4,2019,574662, 
08901,NJ,New Brunswick,Middlesex County,2082,2019-05-31,5,2019,275047, 
08807,NJ,Bridgewater Township,Somerset County,2481,2019-05-31,5,2019,473067, 
07920,NJ,Bridgewater Township,Somerset County,4533,2019-05-31,5,2019,625822, 
08836,NJ,Bridgewater Township,Somerset County,15436,2019-05-31,5,2019,573428, 
08901,NJ,New Brunswick,Middlesex County,2082,2019-06-30,6,2019,276350, 
08807,NJ,Bridgewater Township,Somerset County,2481,2019-06-30,6,2019,472951, 
07920,NJ,Bridgewater Township,Somerset County,4533,2019-06-30,6,2019,625097, 
08836,NJ,Bridgewater Township,Somerset County,15436,2019-06-30,6,2019,575543, 
08901,NJ,New Brunswick,Middlesex County,2082,2019-07-31,7,2019,277392, 
08807,NJ,Bridgewater Township,Somerset County,2481,2019-07-31,7,2019,472757, 
07920,NJ,Bridgewater Township,Somerset County,4533,2019-07-31,7,2019,623702, 
08836,NJ,Bridgewater Township,Somerset County,15436,2019-07-31,7,2019,577880, 
08901,NJ,New Brunswick,Middlesex County,2082,2019-08-31,8,2019,277688, 
08807,NJ,Bridgewater Township,Somerset County,2481,2019-08-31,8,2019,472730, 
07920,NJ,Bridgewater Township,Somerset County,4533,2019-08-31,8,2019,622275, 
08836,NJ,Bridgewater Township,Somerset County,15436,2019-08-31,8,2019,578934, 
08901,NJ,New Brunswick,Middlesex County,2082,2019-09-30,9,2019,277628, 
08807,NJ,Bridgewater Township,Somerset County,2481,2019-09-30,9,2019,473184, 
07920,NJ,Bridgewater Township,Somerset County,4533,2019-09-30,9,2019,621039, 
08836,NJ,Bridgewater Township,Somerset County,15436,2019-09-30,9,2019,579619, 
08901,NJ,New Brunswick,Middlesex County,2082,2019-10-31,10,2019,277447, 
08807,NJ,Bridgewater Township,Somerset County,2481,2019-10-31,10,2019,472854, 
07920,NJ,Bridgewater Township,Somerset County,4533,2019-10-31,10,2019,619486, 
08836,NJ,Bridgewater Township,Somerset County,15436,2019-10-31,10,2019,579083, 
08901,NJ,New Brunswick,Middlesex County,2082,2019-11-30,11,2019,278459, 
08807,NJ,Bridgewater Township,Somerset County,2481,2019-11-30,11,2019,471902, 
07920,NJ,Bridgewater Township,Somerset County,4533,2019-11-30,11,2019,617607, 
08836,NJ,Bridgewater Township,Somerset County,15436,2019-11-30,11,2019,578463, 
08901,NJ,New Brunswick,Middlesex County,2082,2019-12-31,12,2019,282405, 
08807,NJ,Bridgewater Township,Somerset County,2481,2019-12-31,12,2019,470498, 
07920,NJ,Bridgewater Township,Somerset County,4533,2019-12-31,12,2019,615424, 
08836,NJ,Bridgewater Township,Somerset County,15436,2019-12-31,12,2019,576212, 
08901,NJ,New Brunswick,Middlesex County,2082,2020-01-31,1,2020,285731, 
08807,NJ,Bridgewater Township,Somerset County,2481,2020-01-31,1,2020,471040, 
07920,NJ,Bridgewater Township,Somerset County,4533,2020-01-31,1,2020,615655, 
08836,NJ,Bridgewater Township,Somerset County,15436,2020-01-31,1,2020,576646, 
08901,NJ,New Brunswick,Middlesex County,2082,2020-02-29,2,2020,287630, 
08807,NJ,Bridgewater Township,Somerset County,2481,2020-02-29,2,2020,473700, 
07920,NJ,Bridgewater Township,Somerset County,4533,2020-02-29,2,2020,618620, 
08836,NJ,Bridgewater Township,Somerset County,15436,2020-02-29,2,2020,578955, 
08901,NJ,New Brunswick,Middlesex County,2082,2020-03-31,3,2020,287675, 
08807,NJ,Bridgewater Township,Somerset County,2481,2020-03-31,3,2020,475440, 
07920,NJ,Bridgewater Township,Somerset County,4533,2020-03-31,3,2020,620728, 
08836,NJ,Bridgewater Township,Somerset County,15436,2020-03-31,3,2020,581467, 
08901,NJ,New Brunswick,Middlesex County,2082,2020-04-30,4,2020,288403, 
08807,NJ,Bridgewater Township,Somerset County,2481,2020-04-30,4,2020,476526, 
07920,NJ,Bridgewater Township,Somerset County,4533,2020-04-30,4,2020,622288, 
08836,NJ,Bridgewater Township,Somerset County,15436,2020-04-30,4,2020,583118, 
08901,NJ,New Brunswick,Middlesex County,2082,2020-05-31,5,2020,287621, 
08807,NJ,Bridgewater Township,Somerset County,2481,2020-05-31,5,2020,474683, 
07920,NJ,Bridgewater Township,Somerset County,4533,2020-05-31,5,2020,620330, 
08836,NJ,Bridgewater Township,Somerset County,15436,2020-05-31,5,2020,581267, 
08901,NJ,New Brunswick,Middlesex County,2082,2020-06-30,6,2020,287116, 
08807,NJ,Bridgewater Township,Somerset County,2481,2020-06-30,6,2020,472017, 
07920,NJ,Bridgewater Township,Somerset County,4533,2020-06-30,6,2020,617973, 
08836,NJ,Bridgewater Township,Somerset County,15436,2020-06-30,6,2020,577125, 
08901,NJ,New Brunswick,Middlesex County,2082,2020-07-31,7,2020,286919, 
08807,NJ,Bridgewater Township,Somerset County,2481,2020-07-31,7,2020,469169, 
07920,NJ,Bridgewater Township,Somerset County,4533,2020-07-31,7,2020,614394, 
08836,NJ,Bridgewater Township,Somerset County,15436,2020-07-31,7,2020,573630, 
08901,NJ,New Brunswick,Middlesex County,2082,2020-08-31,8,2020,290307, 
08807,NJ,Bridgewater Township,Somerset County,2481,2020-08-31,8,2020,470568, 
07920,NJ,Bridgewater Township,Somerset County,4533,2020-08-31,8,2020,615092, 
08836,NJ,Bridgewater Township,Somerset County,15436,2020-08-31,8,2020,576304, 
08901,NJ,New Brunswick,Middlesex County,2082,2020-09-30,9,2020,295746, 
08807,NJ,Bridgewater Township,Somerset County,2481,2020-09-30,9,2020,476519, 
07920,NJ,Bridgewater Township,Somerset County,4533,2020-09-30,9,2020,619808, 
08836,NJ,Bridgewater Township,Somerset County,15436,2020-09-30,9,2020,582964, 
08901,NJ,New Brunswick,Middlesex County,2082,2020-10-31,10,2020,302915, 
08807,NJ,Bridgewater Township,Somerset County,2481,2020-10-31,10,2020,484189, 
07920,NJ,Bridgewater Township,Somerset County,4533,2020-10-31,10,2020,627725, 
08836,NJ,Bridgewater Township,Somerset County,15436,2020-10-31,10,2020,591127, 
08901,NJ,New Brunswick,Middlesex County,2082,2020-11-30,11,2020,307610, 
08807,NJ,Bridgewater Township,Somerset County,2481,2020-11-30,11,2020,491875, 
07920,NJ,Bridgewater Township,Somerset County,4533,2020-11-30,11,2020,635454, 
08836,NJ,Bridgewater Township,Somerset County,15436,2020-11-30,11,2020,598924, 
08901,NJ,New Brunswick,Middlesex County,2082,2020-12-31,12,2020,311080, 
08807,NJ,Bridgewater Township,Somerset County,2481,2020-12-31,12,2020,498800, 
07920,NJ,Bridgewater Township,Somerset County,4533,2020-12-31,12,2020,642335, 
08836,NJ,Bridgewater Township,Somerset County,15436,2020-12-31,12,2020,606320, 
08901,NJ,New Brunswick,Middlesex County,2082,2021-01-31,1,2021,310956, 
08807,NJ,Bridgewater Township,Somerset County,2481,2021-01-31,1,2021,502954, 
07920,NJ,Bridgewater Township,Somerset County,4533,2021-01-31,1,2021,645177, 
08836,NJ,Bridgewater Township,Somerset County,15436,2021-01-31,1,2021,609750, 
08901,NJ,New Brunswick,Middlesex County,2082,2021-02-28,2,2021,314397, 
08807,NJ,Bridgewater Township,Somerset County,2481,2021-02-28,2,2021,506802, 
07920,NJ,Bridgewater Township,Somerset County,4533,2021-02-28,2,2021,647878, 
08836,NJ,Bridgewater Township,Somerset County,15436,2021-02-28,2,2021,613471, 
08901,NJ,New Brunswick,Middlesex County,2082,2021-03-31,3,2021,319290, 
08807,NJ,Bridgewater Township,Somerset County,2481,2021-03-31,3,2021,509582, 
07920,NJ,Bridgewater Township,Somerset County,4533,2021-03-31,3,2021,649220, 
08836,NJ,Bridgewater Township,Somerset County,15436,2021-03-31,3,2021,617621, 
08901,NJ,New Brunswick,Middlesex County,2082,2021-04-30,4,2021,326010, 
08807,NJ,Bridgewater Township,Somerset County,2481,2021-04-30,4,2021,513825, 
07920,NJ,Bridgewater Township,Somerset County,4533,2021-04-30,4,2021,653205, 
08836,NJ,Bridgewater Township,Somerset County,15436,2021-04-30,4,2021,623894, 
08901,NJ,New Brunswick,Middlesex County,2082,2021-05-31,5,2021,331972, 
08807,NJ,Bridgewater Township,Somerset County,2481,2021-05-31,5,2021,519422, 
07920,NJ,Bridgewater Township,Somerset County,4533,2021-05-31,5,2021,659766, 
08836,NJ,Bridgewater Township,Somerset County,15436,2021-05-31,5,2021,631370, 
08901,NJ,New Brunswick,Middlesex County,2082,2021-06-30,6,2021,335215, 
08807,NJ,Bridgewater Township,Somerset County,2481,2021-06-30,6,2021,527794, 
07920,NJ,Bridgewater Township,Somerset County,4533,2021-06-30,6,2021,671142, 
08836,NJ,Bridgewater Township,Somerset County,15436,2021-06-30,6,2021,640234, 
08901,NJ,New Brunswick,Middlesex County,2082,2021-07-31,7,2021,338214, 
08807,NJ,Bridgewater Township,Somerset County,2481,2021-07-31,7,2021,537511, 
07920,NJ,Bridgewater Township,Somerset County,4533,2021-07-31,7,2021,683371, 
08836,NJ,Bridgewater Township,Somerset County,15436,2021-07-31,7,2021,651841, 
08901,NJ,New Brunswick,Middlesex County,2082,2021-08-31,8,2021,339542, 
08807,NJ,Bridgewater Township,Somerset County,2481,2021-08-31,8,2021,545605, 
07920,NJ,Bridgewater Township,Somerset County,4533,2021-08-31,8,2021,693172, 
08836,NJ,Bridgewater Township,Somerset County,15436,2021-08-31,8,2021,661879, 
08901,NJ,New Brunswick,Middlesex County,2082,2021-09-30,9,2021,340879, 
08807,NJ,Bridgewater Township,Somerset County,2481,2021-09-30,9,2021,548948, 
07920,NJ,Bridgewater Township,Somerset County,4533,2021-09-30,9,2021,697367, 
08836,NJ,Bridgewater Township,Somerset County,15436,2021-09-30,9,2021,667240, 
08901,NJ,New Brunswick,Middlesex County,2082,2021-10-31,10,2021,342244, 
08807,NJ,Bridgewater Township,Somerset County,2481,2021-10-31,10,2021,551500, 
07920,NJ,Bridgewater Township,Somerset County,4533,2021-10-31,10,2021,700280, 
08836,NJ,Bridgewater Township,Somerset County,15436,2021-10-31,10,2021,670616, 
08901,NJ,New Brunswick,Middlesex County,2082,2021-11-30,11,2021,343115, 
08807,NJ,Bridgewater Township,Somerset County,2481,2021-11-30,11,2021,552866, 
07920,NJ,Bridgewater Township,Somerset County,4533,2021-11-30,11,2021,702118, 
08836,NJ,Bridgewater Township,Somerset County,15436,2021-11-30,11,2021,671918, 
08901,NJ,New Brunswick,Middlesex County,2082,2021-12-31,12,2021,344376, 
08807,NJ,Bridgewater Township,Somerset County,2481,2021-12-31,12,2021,557795, 
07920,NJ,Bridgewater Township,Somerset County,4533,2021-12-31,12,2021,707823, 
08836,NJ,Bridgewater Township,Somerset County,15436,2021-12-31,12,2021,677454, 
08901,NJ,New Brunswick,Middlesex County,2082,2022-01-31,1,2022,345281, 
08807,NJ,Bridgewater Township,Somerset County,2481,2022-01-31,1,2022,561666, 
07920,NJ,Bridgewater Township,Somerset County,4533,2022-01-31,1,2022,712397, 
08836,NJ,Bridgewater Township,Somerset County,15436,2022-01-31,1,2022,681348, 
08901,NJ,New Brunswick,Middlesex County,2082,2022-02-28,2,2022,347723, 
08807,NJ,Bridgewater Township,Somerset County,2481,2022-02-28,2,2022,564842, 
07920,NJ,Bridgewater Township,Somerset County,4533,2022-02-28,2,2022,716050, 
08836,NJ,Bridgewater Township,Somerset County,15436,2022-02-28,2,2022,684591, 
08901,NJ,New Brunswick,Middlesex County,2082,2022-03-31,3,2022,350051, 
08807,NJ,Bridgewater Township,Somerset County,2481,2022-03-31,3,2022,570759, 
07920,NJ,Bridgewater Township,Somerset County,4533,2022-03-31,3,2022,723825, 
08836,NJ,Bridgewater Township,Somerset County,15436,2022-03-31,3,2022,691533, 
08901,NJ,New Brunswick,Middlesex County,2082,2022-04-30,4,2022,354406, 
08807,NJ,Bridgewater Township,Somerset County,2481,2022-04-30,4,2022,577765, 
07920,NJ,Bridgewater Township,Somerset County,4533,2022-04-30,4,2022,734631, 
08836,NJ,Bridgewater Township,Somerset County,15436,2022-04-30,4,2022,700604, 
08901,NJ,New Brunswick,Middlesex County,2082,2022-05-31,5,2022,358706, 
08807,NJ,Bridgewater Township,Somerset County,2481,2022-05-31,5,2022,587969, 
07920,NJ,Bridgewater Township,Somerset County,4533,2022-05-31,5,2022,748381, 
08836,NJ,Bridgewater Township,Somerset County,15436,2022-05-31,5,2022,712198, 
